Site,Date,Color,Temp_C
Balzor,2021-12-10,Black,-0.399999989
Balzor,2021-12-10,White,-0.449999992
Balzor,2021-12-11,Black,-0.383333344
Balzor,2021-12-11,White,-0.524999992
Balzor,2021-12-12,Black,0.083333336
Balzor,2021-12-12,White,0.075000001
Balzor,2021-12-13,Black,1.783333364
Balzor,2021-12-13,White,1.137500029
Balzor,2021-12-14,Black,2.016666651
Balzor,2021-12-14,White,1.500000015
Balzor,2021-12-15,Black,1.033333341
Balzor,2021-12-15,White,0.92499999
Balzor,2021-12-16,Black,0.916666677
Balzor,2021-12-16,White,0.850000001
Balzor,2021-12-17,Black,0.833333343
Balzor,2021-12-17,White,0.700000002
Balzor,2021-12-18,Black,0.433333336
Balzor,2021-12-18,White,0.374999997
Balzor,2021-12-19,Black,0.366666677
Balzor,2021-12-19,White,0.362500011
Balzor,2021-12-20,Black,0.983333349
Balzor,2021-12-20,White,0.687500022
Balzor,2021-12-21,Black,0.683333326
Balzor,2021-12-21,White,0.300000006
Balzor,2021-12-22,Black,2.400000021
Balzor,2021-12-22,White,0.600000005
Balzor,2021-12-23,Black,1.916666687
Balzor,2021-12-23,White,0.975000024
Balzor,2021-12-24,Black,0.799999987
Balzor,2021-12-24,White,0.637500005
Balzor,2021-12-25,Black,0.233333337
Balzor,2021-12-25,White,0.312500004
Balzor,2021-12-26,Black,0.183333334
Balzor,2021-12-26,White,0.275000002
Balzor,2021-12-27,Black,-0.300000003
Balzor,2021-12-27,White,-0.187500005
Balzor,2021-12-28,Black,-0.999999989
Balzor,2021-12-28,White,-0.83750002
Balzor,2021-12-29,Black,-0.716666662
Balzor,2021-12-29,White,-0.787499994
Balzor,2021-12-30,Black,-0.916666655
Balzor,2021-12-30,White,-0.974999989
Balzor,2021-12-31,Black,-1.533333324
Balzor,2021-12-31,White,-1.662500036
Balzor,2022-01-01,Black,-3.162499979
Balzor,2022-01-01,White,-4.024999931
Balzor,2022-01-02,Black,-2.962499991
Balzor,2022-01-02,White,-3.800000027
Balzor,2022-01-03,Black,-1.949999988
Balzor,2022-01-03,White,-2.375
Balzor,2022-01-04,Black,-0.612499991
Balzor,2022-01-04,White,-0.812500005
Balzor,2022-01-05,Black,-0.062499999
Balzor,2022-01-05,White,-0.125000004
Balzor,2022-01-06,Black,0.275000008
Balzor,2022-01-06,White,0.312500005
Balzor,2022-01-07,Black,0.375000008
Balzor,2022-01-07,White,0.412500007
Balzor,2022-01-08,Black,0.225000004
Balzor,2022-01-08,White,-0.387499996
Balzor,2022-01-09,Black,-0.737499998
Balzor,2022-01-09,White,-1.775000007
Balzor,2022-01-10,Black,-1.487499985
Balzor,2022-01-10,White,-2.449999973
Balzor,2022-01-11,Black,-0.33749999
Balzor,2022-01-11,White,-1.162500001
Balzor,2022-01-12,Black,0.4875
Balzor,2022-01-12,White,-0.312499997
Balzor,2022-01-13,Black,1.062499997
Balzor,2022-01-13,White,0.15
Balzor,2022-01-14,Black,1.462500008
Balzor,2022-01-14,White,0.187500001
Balzor,2022-01-15,Black,0.599999998
Balzor,2022-01-15,White,-1.237499984
Balzor,2022-01-16,Black,-0.112499992
Balzor,2022-01-16,White,-1.99999999
Balzor,2022-01-17,Black,-0.262499999
Balzor,2022-01-17,White,-1.637500024
Balzor,2022-01-18,Black,-0.662500024
Balzor,2022-01-18,White,-2.062499967
Balzor,2022-01-19,Black,-0.012500018
Balzor,2022-01-19,White,-1.625000018
Balzor,2022-01-20,Black,0.312500007
Balzor,2022-01-20,White,-0.662499989
Balzor,2022-01-21,Black,0.624999996
Balzor,2022-01-21,White,-0.412499992
Balzor,2022-01-22,Black,0.462499961
Balzor,2022-01-22,White,-1.9875
Balzor,2022-01-23,Black,0.662500031
Balzor,2022-01-23,White,-1.837499976
Balzor,2022-01-24,Black,0.912499979
Balzor,2022-01-24,White,-1.649999999
Balzor,2022-01-25,Black,0.937500015
Balzor,2022-01-25,White,-2.512499991
Balzor,2022-01-26,Black,-0.737500004
Balzor,2022-01-26,White,-2.95000004
Balzor,2022-01-27,Black,-2.099999979
Balzor,2022-01-27,White,-4.037500031
Balzor,2022-01-28,Black,-2.01250004
Balzor,2022-01-28,White,-4.350000113
Balzor,2022-01-29,Black,-1.737500101
Balzor,2022-01-29,White,-4.975000009
Balzor,2022-01-30,Black,-1.287500083
Balzor,2022-01-30,White,-4.837499939
Balzor,2022-01-31,Black,0.974999987
Balzor,2022-01-31,White,-1.662499984
Balzor,2022-02-01,Black,-1.837499958
Balzor,2022-02-01,White,-3.962499991
Balzor,2022-02-02,Black,-2.062500056
Balzor,2022-02-02,White,-3.750000045
Balzor,2022-02-03,Black,-0.150000051
Balzor,2022-02-03,White,-2.187499932
Balzor,2022-02-04,Black,0.87500003
Balzor,2022-02-04,White,-2.487499954
Balzor,2022-02-05,Black,2.862499923
Balzor,2022-02-05,White,-1.724999991
Balzor,2022-02-06,Black,3.787500054
Balzor,2022-02-06,White,-1.937499972
Balzor,2022-02-07,Black,5.487500059
Balzor,2022-02-07,White,-0.924999978
Balzor,2022-02-08,Black,5.012499891
Balzor,2022-02-08,White,-0.474999979
Balzor,2022-02-09,Black,6.987499857
Balzor,2022-02-09,White,0.54999999
Balzor,2022-02-10,Black,6.949999926
Balzor,2022-02-10,White,1.637500016
Balzor,2022-02-11,Black,8.075000007
Balzor,2022-02-11,White,2.412499991
Balzor,2022-02-12,Black,6.97499988
Balzor,2022-02-12,White,1.42500003
Balzor,2022-02-13,Black,7.612500069
Balzor,2022-02-13,White,2.425000014
Balzor,2022-02-14,Black,7.912499979
Balzor,2022-02-14,White,4.087499958
Balzor,2022-02-15,Black,0.599999979
Balzor,2022-02-15,White,0.400000003
Balzor,2022-02-16,Black,0.312499981
Balzor,2022-02-16,White,0.212499999
Balzor,2022-02-17,Black,0.474999994
Balzor,2022-02-17,White,0.024999997
Balzor,2022-02-18,Black,5.462500073
Balzor,2022-02-18,White,0.662500001
Balzor,2022-02-19,Black,7.787499879
Balzor,2022-02-19,White,3.425000038
Balzor,2022-02-20,Black,2.787500083
Balzor,2022-02-20,White,1.250000012
Balzor,2022-02-21,Black,-0.224999994
Balzor,2022-02-21,White,-0.025000002
Balzor,2022-02-22,Black,-2.962500039
Balzor,2022-02-22,White,-2.362500029
Balzor,2022-02-23,Black,-3.199999988
Balzor,2022-02-23,White,-3.887499937
Balzor,2022-02-24,Black,-3.725000036
Balzor,2022-02-24,White,-4.599999957
Balzor,2022-02-25,Black,-1.699999988
Balzor,2022-02-25,White,-4
Balzor,2022-02-26,Black,1.974999964
Balzor,2022-02-26,White,-3.199999999
Balzor,2022-02-27,Black,4.862500042
Balzor,2022-02-27,White,0.062500075
Balzor,2022-02-28,Black,8.650000103
Balzor,2022-02-28,White,5.187499981
Balzor,2022-03-01,Black,11.63750008
Balzor,2022-03-01,White,8.224999949
Balzor,2022-03-02,Black,10.97499985
Balzor,2022-03-02,White,7.824999973
Balzor,2022-03-03,Black,11.84999993
Balzor,2022-03-03,White,8.512499958
Balzor,2022-03-04,Black,6.312500048
Balzor,2022-03-04,White,4.775000039
Balzor,2022-03-05,Black,4.337499976
Balzor,2022-03-05,White,3.050000027
Balzor,2022-03-06,Black,0.862499982
Balzor,2022-03-06,White,0.487499982
Balzor,2022-03-07,Black,4.600000024
Balzor,2022-03-07,White,2.300000101
Balzor,2022-03-08,Black,1.562500072
Balzor,2022-03-08,White,0.63749999
Balzor,2022-03-09,Black,0.362500012
Balzor,2022-03-09,White,-0.049999986
Balzor,2022-03-10,Black,-1.000000007
Balzor,2022-03-10,White,-0.749999985
Balzor,2022-03-11,Black,4.025000095
Balzor,2022-03-11,White,1.887500077
Balzor,2022-03-12,Black,9.99999986
Balzor,2022-03-12,White,7.674999813
Balzor,2022-03-13,Black,3.087499946
Balzor,2022-03-13,White,2.662500006
Balzor,2022-03-14,Black,7.162500015
Balzor,2022-03-14,White,5.975000091
Balzor,2022-03-15,Black,7.737499893
Balzor,2022-03-15,White,6.149999946
Balzor,2022-03-16,Black,6.162500009
Balzor,2022-03-16,White,4.47499992
Balzor,2022-03-17,Black,6.84999996
Balzor,2022-03-17,White,4.725000001
Balzor,2022-03-18,Black,8.062499955
Balzor,2022-03-18,White,5.949999914
Balzor,2022-03-19,Black,8.337500066
Balzor,2022-03-19,White,6.687500089
Balzor,2022-03-20,Black,5.599999964
Balzor,2022-03-20,White,3.625000037
Balzor,2022-03-21,Black,4.637500025
Balzor,2022-03-21,White,3.075000003
Balzor,2022-03-22,Black,9.762499958
Balzor,2022-03-22,White,7.15000011
Balzor,2022-03-23,Black,11.46250007
Balzor,2022-03-23,White,8.737499952
Balzor,2022-03-24,Black,12.6624999
Balzor,2022-03-24,White,9.387499839
Balzor,2022-03-25,Black,14.06249994
Balzor,2022-03-25,White,10.66249996
Balzor,2022-03-26,Black,15.40000015
Balzor,2022-03-26,White,11.63749999
Balzor,2022-03-27,Black,13.38750017
Balzor,2022-03-27,White,10.3125
Balzor,2022-03-28,Black,11.69999999
Balzor,2022-03-28,White,9.025000036
Balzor,2022-03-29,Black,10.54999989
Balzor,2022-03-29,White,8.199999899
Balzor,2022-03-30,Black,7.737499863
Balzor,2022-03-30,White,5.824999988
Balzor,2022-03-31,Black,9.537499711
Balzor,2022-03-31,White,6.375
Balzor,2022-04-01,Black,10.46250019
Balzor,2022-04-01,White,6.900000073
Balzor,2022-04-02,Black,12.84999985
Balzor,2022-04-02,White,8.912499934
Balzor,2022-04-03,Black,10.92499991
Balzor,2022-04-03,White,7.662499897
Balzor,2022-04-04,Black,8.962500095
Balzor,2022-04-04,White,6.949999899
Balzor,2022-04-05,Black,8.187499896
Balzor,2022-04-05,White,5.500000089
Balzor,2022-04-06,Black,10.92500011
Balzor,2022-04-06,White,6.775000006
Balzor,2022-04-07,Black,14.47499998
Balzor,2022-04-07,White,9.774999902
Balzor,2022-04-08,Black,16.33749986
Balzor,2022-04-08,White,12.57499993
Balzor,2022-04-09,Black,9.950000077
Balzor,2022-04-09,White,6.77500014
Balzor,2022-04-10,Black,3.962500017
Balzor,2022-04-10,White,2.099999972
Balzor,2022-04-11,Black,2.362499997
Balzor,2022-04-11,White,1.724999964
Balzor,2022-04-12,Black,3.512500063
Balzor,2022-04-12,White,1.699999993
Balzor,2022-04-13,Black,3.875000079
Balzor,2022-04-13,White,1.712500006
Balzor,2022-04-14,Black,5.149999961
Balzor,2022-04-14,White,3.24999997
Balzor,2022-04-15,Black,7.737500161
Balzor,2022-04-15,White,5.41249986
Balzor,2022-04-16,Black,6.137500048
Balzor,2022-04-16,White,4.962499931
Balzor,2022-04-17,Black,8.800000027
Balzor,2022-04-17,White,6.524999946
Balzor,2022-04-18,Black,7.93750003
Balzor,2022-04-18,White,6.737499952
Balzor,2022-04-19,Black,7.587500006
Balzor,2022-04-19,White,5.862500101
Balzor,2022-04-20,Black,9.449999839
Balzor,2022-04-20,White,7.724999979
Balzor,2022-04-21,Black,8.287499905
Balzor,2022-04-21,White,6.74999994
Balzor,2022-04-22,Black,9.31249994
Balzor,2022-04-22,White,7.362499952
Balzor,2022-04-23,Black,8.787500024
Balzor,2022-04-23,White,6.674999952
Balzor,2022-04-24,Black,12.7874999
Balzor,2022-04-24,White,9.025000155
Balzor,2022-04-25,Black,12.63750017
Balzor,2022-04-25,White,9.850000083
Balzor,2022-04-26,Black,12.11250013
Balzor,2022-04-26,White,9.887499809
Balzor,2022-04-27,Black,12.15000004
Balzor,2022-04-27,White,8.962499946
Balzor,2022-04-28,Black,9.712499917
Balzor,2022-04-28,White,7.287500024
Balzor,2022-04-29,Black,9.875000089
Balzor,2022-04-29,White,7.22499986
Balzor,2022-04-30,Black,8.975000054
Balzor,2022-04-30,White,7.174999878
Balzor,2022-05-01,Black,9.549999982
Balzor,2022-05-01,White,7.849999994
Balzor,2022-05-02,Black,7.524999946
Balzor,2022-05-02,White,6.56250006
Balzor,2022-05-03,Black,6.087500066
Balzor,2022-05-03,White,5.037500009
Balzor,2022-05-04,Black,12.5249999
Balzor,2022-05-04,White,10.18750018
Balzor,2022-05-05,Black,11.93749988
Balzor,2022-05-05,White,11.02500004
Balzor,2022-05-06,Black,11.53749996
Balzor,2022-05-06,White,10.36250001
Balzor,2022-05-07,Black,7.925000072
Balzor,2022-05-07,White,6.774999917
Balzor,2022-05-08,Black,9.962499827
Balzor,2022-05-08,White,7.712500006
Balzor,2022-05-09,Black,6.524999887
Balzor,2022-05-09,White,4.925000042
Balzor,2022-05-10,Black,7.262499958
Balzor,2022-05-10,White,5.399999931
Balzor,2022-05-11,Black,7.424999893
Balzor,2022-05-11,White,5.762499988
Balzor,2022-05-12,Black,9.337500036
Balzor,2022-05-12,White,7.512500018
Balzor,2022-05-13,Black,12.33749992
Balzor,2022-05-13,White,10.02500004
Balzor,2022-05-14,Black,14.08749974
Balzor,2022-05-14,White,11.97499996
Balzor,2022-05-15,Black,17.14999998
Balzor,2022-05-15,White,14.63749987
Balzor,2022-05-16,Black,17.8375001
Balzor,2022-05-16,White,15.1624999
Balzor,2022-05-17,Black,18.77499992
Balzor,2022-05-17,White,15.1875
Balzor,2022-05-18,Black,16.88750005
Balzor,2022-05-18,White,13.88749999
Balzor,2022-05-19,Black,12.03749979
Balzor,2022-05-19,White,9.462500095
Balzor,2022-05-20,Black,14.22499985
Balzor,2022-05-20,White,10.67500001
Balzor,2022-05-21,Black,14.98749995
Balzor,2022-05-21,White,11.52499998
Balzor,2022-05-22,Black,16.23333327
Balzor,2022-05-22,White,12.7125001
Balzor,2022-05-23,Black,17.26666657
Balzor,2022-05-23,White,13.57500005
Balzor,2022-05-24,Black,19.36666679
Balzor,2022-05-24,White,15.14999968
Balzor,2022-05-25,Black,22.24999952
Balzor,2022-05-25,White,17.82500005
Balzor,2022-05-26,Black,23.21666622
Balzor,2022-05-26,White,19.26249993
Balzor,2022-05-27,Black,20.19999997
Balzor,2022-05-27,White,16.98749983
Balzor,2022-05-28,Black,16.11666663
Balzor,2022-05-28,White,13.28750002
Balzor,2022-05-29,Black,8.500000079
Balzor,2022-05-29,White,7.74999994
Balzor,2022-05-30,Black,7.96666654
Balzor,2022-05-30,White,6.474999905
Balzor,2022-05-31,Black,14.61666663
Balzor,2022-05-31,White,11.7124998
Balzor,2022-06-01,Black,18.26666657
Balzor,2022-06-01,White,14.38749987
Balzor,2022-06-02,Black,19.5
Balzor,2022-06-02,White,16.43749976
Balzor,2022-06-03,Black,21.04999987
Balzor,2022-06-03,White,17.49999988
Balzor,2022-06-04,Black,16.56666644
Balzor,2022-06-04,White,14.21249986
Balzor,2022-06-05,Black,17.69999997
Balzor,2022-06-05,White,15.35000002
Balzor,2022-06-06,Black,19.25
Balzor,2022-06-06,White,15.89999986
Balzor,2022-06-07,Black,20.5666666
Balzor,2022-06-07,White,16.57500029
Balzor,2022-06-08,Black,19.26666641
Balzor,2022-06-08,White,16.86250007
Balzor,2022-06-09,Black,21.99999984
Balzor,2022-06-09,White,18.36250007
Balzor,2022-06-10,Black,18.16250029
Balzor,2022-06-10,White,20.51250005
Balzor,2022-06-11,Black,18.21249996
Balzor,2022-06-11,White,20.63749993
Balzor,2022-06-12,Black,11.04999981
Balzor,2022-06-12,White,13.38750005
Balzor,2022-06-13,Black,9.062499959
Balzor,2022-06-13,White,9.737500191
Balzor,2022-06-14,Black,10.38750032
Balzor,2022-06-14,White,10.50000006
Balzor,2022-06-15,Black,13.1375
Balzor,2022-06-15,White,14.01249975
Balzor,2022-06-16,Black,16.03750017
Balzor,2022-06-16,White,18.37499988
Balzor,2022-06-17,Black,15.02500002
Balzor,2022-06-17,White,16.8499999
Balzor,2022-06-18,Black,15.1875
Balzor,2022-06-18,White,16.82500029
Balzor,2022-06-19,Black,13.2750001
Balzor,2022-06-19,White,14.02499998
Balzor,2022-06-20,Black,14.86250009
Balzor,2022-06-20,White,15.98750007
Balzor,2022-06-21,Black,17.11249973
Balzor,2022-06-21,White,18.7750001
Balzor,2022-06-22,Black,17.28749957
Balzor,2022-06-22,White,20.54999995
Balzor,2022-06-23,Black,16.83333371
Balzor,2022-06-23,White,21.88749993
Balzor,2022-06-24,Black,13.75000015
Balzor,2022-06-24,White,20.85000014
Balzor,2022-06-25,Black,13.6500001
Balzor,2022-06-25,White,20.92499983
Balzor,2022-06-26,Black,14.67499952
Balzor,2022-06-26,White,23.31250024
Balzor,2022-06-27,Black,14.77499962
Balzor,2022-06-27,White,24.67499995
Balzor,2022-06-28,Black,14.6250001
Balzor,2022-06-28,White,24.94999981
Balzor,2022-06-29,Black,14.6500001
Balzor,2022-06-29,White,23.72499955
Balzor,2022-06-30,Black,14.55000037
Balzor,2022-06-30,White,23.3125
Balzor,2022-07-01,Black,31.05000114
Balzor,2022-07-01,White,25.28749943
Balzor,2022-07-02,Black,28.75000095
Balzor,2022-07-02,White,23.96249986
Balzor,2022-07-03,Black,29.05000019
Balzor,2022-07-03,White,24.42499971
Balzor,2022-07-04,Black,19.89999962
Balzor,2022-07-04,White,21.45000017
Balzor,2022-07-05,White,22.75
Balzor,2022-07-06,White,25.33333333
Balzor,2022-07-07,White,26.36666679
Balzor,2022-07-08,White,26.40000025
Balzor,2022-07-09,White,26.58333397
Balzor,2022-07-10,White,26.04999987
Balzor,2022-07-11,White,25.98333422
Balzor,2022-07-12,White,27.11666616
Balzor,2022-07-13,White,28.64999994
Balzor,2022-07-14,White,28.58333365
Balzor,2022-07-15,White,29.13333384
Balzor,2022-07-16,White,28.41666698
Balzor,2022-07-17,White,27.81666692
Balzor,2022-07-18,White,27.79999955
Balzor,2022-07-19,White,27.59999943
Balzor,2022-07-20,White,29.28333378
Balzor,2022-07-21,White,29.18333308
Balzor,2022-07-22,White,28.93333308
Balzor,2022-07-23,White,28.34999943
Balzor,2022-07-24,White,27.81666692
Balzor,2022-07-25,White,27.88333352
Balzor,2022-07-26,White,29.23333327
Balzor,2022-07-27,White,30.03333346
Balzor,2022-07-28,White,30.49999968
Balzor,2022-07-29,White,29.96666622
Balzor,2022-07-30,White,29.75
Balzor,2022-07-31,White,29.11666616
Balzor,2022-08-01,White,29.98333327
Balzor,2022-08-02,White,27.44999981
Balzor,2022-08-03,White,27.86666648
Balzor,2022-08-04,White,29.6833334
Balzor,2022-08-05,White,28.56666724
Balzor,2022-08-06,White,26.38333321
Balzor,2022-08-07,White,26.35000022
Balzor,2022-08-08,White,27.45000076
Balzor,2022-08-09,White,27.88333321
Balzor,2022-08-10,White,26.09999975
Balzor,2022-08-11,White,27.26666673
Balzor,2022-08-12,White,28.15000025
Balzor,2022-08-13,White,27.44999949
Balzor,2022-08-14,White,26.46666622
Balzor,2022-08-15,White,27.55000019
Balzor,2022-08-16,White,27.80000019
Balzor,2022-08-17,White,28.09999975
Balzor,2022-08-18,White,26.11666711
Balzor,2022-08-19,White,26.15000025
Balzor,2022-08-20,White,26.38333321
Balzor,2022-08-21,White,26.8333327
Balzor,2022-08-22,White,28.31666692
Balzor,2022-08-23,White,27.98333263
Balzor,2022-08-24,White,31.4333334
Balzor,2022-08-25,Black,37.57499981
Balzor,2022-08-25,White,36.39999994
Balzor,2022-08-26,Black,35.28333314
Balzor,2022-08-26,White,31.50000032
Balzor,2022-08-27,Black,33.96666638
Balzor,2022-08-27,White,28.90000041
Balzor,2022-08-28,Black,31.68333364
Balzor,2022-08-28,White,27.35000014
Balzor,2022-08-29,Black,33.61666695
Balzor,2022-08-29,White,32.73333327
Balzor,2022-08-30,Black,32.25000016
Balzor,2022-08-30,White,30.76666721
Balzor,NA,Black,-0.399999995
Wildcat,2021-09-01,Black,28.84999967
Wildcat,2021-09-01,White,27.61250019
Wildcat,2021-09-10,Black,2.799999952
Wildcat,2021-09-10,White,2.300000072
Wildcat,2021-09-11,Black,2.850000024
Wildcat,2021-09-11,White,2.700000048
Wildcat,2021-09-12,Black,5.02500006
Wildcat,2021-09-12,White,4.600000013
Wildcat,2021-09-13,Black,5.850000024
Wildcat,2021-09-13,White,5.550000072
Wildcat,2021-09-14,Black,4.799999952
Wildcat,2021-09-14,White,4.849999905
Wildcat,2021-09-15,Black,1.24999997
Wildcat,2021-09-15,White,1.449999988
Wildcat,2021-09-16,Black,3.150000036
Wildcat,2021-09-16,White,1.899999976
Wildcat,2021-09-17,Black,3.800000012
Wildcat,2021-09-17,White,3.099999964
Wildcat,2021-09-18,Black,2
Wildcat,2021-09-18,White,1.150000006
Wildcat,2021-09-19,Black,0.650000006
Wildcat,2021-09-19,White,0.700000018
Wildcat,2021-09-20,Black,4.550000101
Wildcat,2021-09-20,White,2.199999958
Wildcat,2021-09-21,Black,2.100000001
Wildcat,2021-09-21,White,0.75000003
Wildcat,2021-09-22,Black,3.900000006
Wildcat,2021-09-22,White,1.849999964
Wildcat,2021-09-23,Black,4.649999976
Wildcat,2021-09-23,White,3.699999928
Wildcat,2021-09-24,Black,4.149999917
Wildcat,2021-09-24,White,3.149999917
Wildcat,2021-09-25,Black,2.049999952
Wildcat,2021-09-25,White,1.799999952
Wildcat,2021-09-26,Black,1.149999976
Wildcat,2021-09-26,White,1.25
Wildcat,2021-09-27,Black,0.949999988
Wildcat,2021-09-27,White,1
Wildcat,2021-09-28,Black,0.799999982
Wildcat,2021-09-28,White,0.900000006
Wildcat,2021-09-29,Black,0.75
Wildcat,2021-09-29,White,0.900000006
Wildcat,2021-09-30,Black,0.650000006
Wildcat,2021-09-30,White,0.849999994
Wildcat,2021-11-22,Black,4.074999928
Wildcat,2021-11-22,White,2.624999985
Wildcat,2021-11-23,Black,3.800000047
Wildcat,2021-11-23,White,2.675000047
Wildcat,2021-11-24,Black,5.125
Wildcat,2021-11-24,White,3.474999964
Wildcat,2021-11-25,Black,3.024999902
Wildcat,2021-11-25,White,0.550000042
Wildcat,2021-11-26,Black,3.875000015
Wildcat,2021-11-26,White,2.45000007
Wildcat,2021-11-27,Black,6.200000018
Wildcat,2021-11-27,White,4.325000077
Wildcat,2021-11-28,Black,6.399999887
Wildcat,2021-11-28,White,4.350000024
Wildcat,2021-11-29,Black,5.675000072
Wildcat,2021-11-29,White,3.824999988
Wildcat,2021-11-30,Black,5.724999905
Wildcat,2021-11-30,White,3.800000012
Wildcat,2021-12-01,Black,6.224999905
Wildcat,2021-12-01,White,4.25
Wildcat,2021-12-02,Black,5.975000173
Wildcat,2021-12-02,White,4.050000072
Wildcat,2021-12-03,Black,5.200000107
Wildcat,2021-12-03,White,3.449999988
Wildcat,2021-12-04,Black,3.050000006
Wildcat,2021-12-04,White,1.874999965
Wildcat,2021-12-05,Black,6.375
Wildcat,2021-12-05,White,4.925000072
Wildcat,2021-12-06,Black,2.649999976
Wildcat,2021-12-06,White,2.074999988
Wildcat,2021-12-07,Black,3.799999893
Wildcat,2021-12-07,White,2.949999958
Wildcat,2021-12-08,Black,5.300000072
Wildcat,2021-12-08,White,4.174999893
Wildcat,2021-12-09,Black,3.325000048
Wildcat,2021-12-09,White,2.525000006
Wildcat,2021-12-10,Black,2.666666667
Wildcat,2021-12-10,White,1.766666681
Wildcat,2021-12-11,Black,2.733333329
Wildcat,2021-12-11,White,2.266666691
Wildcat,2021-12-12,Black,5.949999889
Wildcat,2021-12-12,White,5.083333333
Wildcat,2021-12-13,Black,5.883333206
Wildcat,2021-12-13,White,5.316666722
Wildcat,2021-12-14,Black,4.766666651
Wildcat,2021-12-14,White,4.433333317
Wildcat,2021-12-15,Black,1.083333326
Wildcat,2021-12-15,White,0.866666662
Wildcat,2021-12-16,Black,2.98333325
Wildcat,2021-12-16,White,1.416666657
Wildcat,2021-12-17,Black,3.766666671
Wildcat,2021-12-17,White,2.733333309
Wildcat,2021-12-18,Black,1.95
Wildcat,2021-12-18,White,0.600000004
Wildcat,2021-12-19,Black,0.633333332
Wildcat,2021-12-19,White,0.25
Wildcat,2021-12-20,Black,4.533333282
Wildcat,2021-12-20,White,1.649999999
Wildcat,2021-12-21,Black,2.100000003
Wildcat,2021-12-21,White,0.299999991
Wildcat,2021-12-22,Black,3.899999986
Wildcat,2021-12-22,White,1.500000001
Wildcat,2021-12-23,Black,4.733333309
Wildcat,2021-12-23,White,3.666666667
Wildcat,2021-12-24,Black,4.100000064
Wildcat,2021-12-24,White,2.950000008
Wildcat,2021-12-25,Black,1.983333349
Wildcat,2021-12-25,White,1.400000016
Wildcat,2021-12-26,Black,1.116666665
Wildcat,2021-12-26,White,0.816666673
Wildcat,2021-12-27,Black,0.716666674
Wildcat,2021-12-27,White,0.416666659
Wildcat,2021-12-28,Black,0.066666661
Wildcat,2021-12-28,White,-0.333333323
Wildcat,2021-12-29,Black,-0.316666661
Wildcat,2021-12-29,White,-0.600000005
Wildcat,2021-12-30,Black,1.24E-09
Wildcat,2021-12-30,White,-0.583333342
Wildcat,2021-12-31,Black,-0.700000002
Wildcat,2021-12-31,White,-1.200000017
Wildcat,2022-01-01,Black,-2.200000018
Wildcat,2022-01-01,White,-2.962499979
Wildcat,2022-01-02,Black,-3.549999952
Wildcat,2022-01-02,White,-4.600000054
Wildcat,2022-01-03,Black,-3.087500035
Wildcat,2022-01-03,White,-3.387500046
Wildcat,2022-01-04,Black,0.275000002
Wildcat,2022-01-04,White,0.212500003
Wildcat,2022-01-05,Black,0.85
Wildcat,2022-01-05,White,0.550000008
Wildcat,2022-01-06,Black,0.412500007
Wildcat,2022-01-06,White,0.40000001
Wildcat,2022-01-07,Black,3.025000015
Wildcat,2022-01-07,White,2.187499978
Wildcat,2022-01-08,Black,3.325000055
Wildcat,2022-01-08,White,1.837500009
Wildcat,2022-01-09,Black,0.849999992
Wildcat,2022-01-09,White,0.474999995
Wildcat,2022-01-10,Black,0.225000007
Wildcat,2022-01-10,White,-0.1125
Wildcat,2022-01-11,Black,0.337500008
Wildcat,2022-01-11,White,-0.087499996
Wildcat,2022-01-12,Black,0.337499995
Wildcat,2022-01-12,White,-0.449999966
Wildcat,2022-01-13,Black,0.725
Wildcat,2022-01-13,White,-0.299999982
Wildcat,2022-01-14,Black,5.150000192
Wildcat,2022-01-14,White,0.450000007
Wildcat,2022-01-15,Black,0.400000013
Wildcat,2022-01-15,White,0.250000007
Wildcat,2022-01-16,Black,0.54999999
Wildcat,2022-01-16,White,0.250000004
Wildcat,2022-01-17,Black,0.400000013
Wildcat,2022-01-17,White,0.200000007
Wildcat,2022-01-18,Black,1.600000001
Wildcat,2022-01-18,White,0.300000001
Wildcat,2022-01-19,Black,1.600000054
Wildcat,2022-01-19,White,0.450000003
Wildcat,2022-01-20,Black,1.900000036
Wildcat,2022-01-20,White,0.500000015
Wildcat,2022-01-21,Black,4.500000194
Wildcat,2022-01-21,White,0.700000003
Wildcat,2022-01-22,Black,2.650000047
Wildcat,2022-01-22,White,0.550000012
Wildcat,2022-01-23,Black,2.799999908
Wildcat,2022-01-23,White,0.650000006
Wildcat,2022-01-24,Black,1.400000025
Wildcat,2022-01-24,White,0.500000015
Wildcat,2022-01-25,Black,3.300000042
Wildcat,2022-01-25,White,0.600000001
Wildcat,2022-01-26,Black,0.300000012
Wildcat,2022-01-26,White,0.450000018
Wildcat,2022-01-27,Black,-0.699999988
Wildcat,2022-01-27,White,0.099999994
Wildcat,2022-01-28,Black,-2.049999952
Wildcat,2022-01-28,White,-1.400000025
Wildcat,2022-01-29,Black,-2.100000143
Wildcat,2022-01-29,White,-2.400000006
Wildcat,2022-01-30,Black,-3.600000001
Wildcat,2022-01-30,White,-3.600000024
Wildcat,2022-01-31,Black,0.5
Wildcat,2022-01-31,White,-2.150000047
Wildcat,2022-02-01,Black,-0.299999952
Wildcat,2022-02-01,White,-1.499999952
Wildcat,2022-02-02,Black,1.599999905
Wildcat,2022-02-02,White,-1.300000042
Wildcat,2022-02-03,Black,3.800000191
Wildcat,2022-02-03,White,-0.349999964
Wildcat,2022-02-04,Black,1.049999952
Wildcat,2022-02-04,White,-1.899999999
Wildcat,2022-02-05,Black,2.599999905
Wildcat,2022-02-05,White,-2.000000045
Wildcat,2022-02-06,Black,6.399999857
Wildcat,2022-02-06,White,-1.300000042
Wildcat,2022-02-07,Black,2.500000238
Wildcat,2022-02-07,White,-1.400000021
Wildcat,2022-02-08,Black,5.849999905
Wildcat,2022-02-08,White,-1.49999997
Wildcat,2022-02-09,Black,8.099999666
Wildcat,2022-02-09,White,-0.449999988
Wildcat,2022-02-10,Black,11.40000001
Wildcat,2022-02-10,White,0.849999987
Wildcat,2022-02-11,Black,9.549999803
Wildcat,2022-02-11,White,1.900000006
Wildcat,2022-02-12,Black,6.050000191
Wildcat,2022-02-12,White,0.550000001
Wildcat,2022-02-13,Black,7.649999619
Wildcat,2022-02-13,White,0.25
Wildcat,2022-02-14,Black,7.300000191
Wildcat,2022-02-14,White,0.599999975
Wildcat,2022-02-15,Black,6.250000119
Wildcat,2022-02-15,White,2.150000036
Wildcat,2022-02-16,Black,6.349999815
Wildcat,2022-02-16,White,3
Wildcat,2022-02-17,Black,9.600000381
Wildcat,2022-02-17,White,4.350000203
Wildcat,2022-02-18,Black,12.20000017
Wildcat,2022-02-18,White,4.5
Wildcat,2022-02-19,Black,12.65000039
Wildcat,2022-02-19,White,5.149999917
Wildcat,2022-02-20,Black,6.899999917
Wildcat,2022-02-20,White,4.799999893
Wildcat,2022-02-21,Black,7.849999607
Wildcat,2022-02-21,White,3.799999952
Wildcat,2022-02-22,Black,-0.449999928
Wildcat,2022-02-22,White,0.649999976
Wildcat,2022-02-23,Black,0.950000286
Wildcat,2022-02-23,White,-0.900000006
Wildcat,2022-02-24,Black,2.149999857
Wildcat,2022-02-24,White,-0.650000006
Wildcat,2022-02-25,Black,5.399999857
Wildcat,2022-02-25,White,-1.350000024
Wildcat,2022-02-26,Black,1.599999905
Wildcat,2022-02-26,White,-2.000000089
Wildcat,2022-02-27,Black,5.800000072
Wildcat,2022-02-27,White,0.25
Wildcat,2022-02-28,Black,8.250000238
Wildcat,2022-02-28,White,1.850000046
Wildcat,2022-03-01,Black,13.84999979
Wildcat,2022-03-01,White,4.600000098
Wildcat,2022-03-02,Black,14.39999998
Wildcat,2022-03-02,White,7.250000179
Wildcat,2022-03-03,Black,13.79999995
Wildcat,2022-03-03,White,7.999999762
Wildcat,2022-03-04,Black,10.89999998
Wildcat,2022-03-04,White,6.699999928
Wildcat,2022-03-05,Black,9.900000185
Wildcat,2022-03-05,White,6.049999893
Wildcat,2022-03-06,Black,7.250000179
Wildcat,2022-03-06,White,4.75
Wildcat,2022-03-07,Black,10.09999961
Wildcat,2022-03-07,White,6.449999809
Wildcat,2022-03-08,Black,7
Wildcat,2022-03-08,White,5.300000101
Wildcat,2022-03-09,Black,2.725000056
Wildcat,2022-03-09,White,2.025000003
Wildcat,2022-03-10,Black,4.725000083
Wildcat,2022-03-10,White,1.437499978
Wildcat,2022-03-11,Black,7.437500024
Wildcat,2022-03-11,White,5.137500049
Wildcat,2022-03-12,Black,9.974999711
Wildcat,2022-03-12,White,7.925000118
Wildcat,2022-03-13,Black,9.287499964
Wildcat,2022-03-13,White,8.199999988
Wildcat,2022-03-14,Black,10.47500011
Wildcat,2022-03-14,White,8.924999833
Wildcat,2022-03-15,Black,12.55000013
Wildcat,2022-03-15,White,11.13749999
Wildcat,2022-03-16,Black,10.82499999
Wildcat,2022-03-16,White,9.024999917
Wildcat,2022-03-17,Black,8.025000133
Wildcat,2022-03-17,White,6.637499899
Wildcat,2022-03-18,Black,12.69999987
Wildcat,2022-03-18,White,10.32499987
Wildcat,2022-03-19,Black,12.17499977
Wildcat,2022-03-19,White,10.36249995
Wildcat,2022-03-20,Black,7.987499967
Wildcat,2022-03-20,White,6.387499988
Wildcat,2022-03-21,Black,10.05000013
Wildcat,2022-03-21,White,8.099999934
Wildcat,2022-03-22,Black,13.86250019
Wildcat,2022-03-22,White,11.37499982
Wildcat,2022-03-23,Black,15.59999973
Wildcat,2022-03-23,White,12.86249995
Wildcat,2022-03-24,Black,17.57499981
Wildcat,2022-03-24,White,14.51249993
Wildcat,2022-03-25,Black,17.68749982
Wildcat,2022-03-25,White,14.31250006
Wildcat,2022-03-26,Black,19.51250017
Wildcat,2022-03-26,White,16.11250007
Wildcat,2022-03-27,Black,16.21249986
Wildcat,2022-03-27,White,13.32500011
Wildcat,2022-03-28,Black,16.17500007
Wildcat,2022-03-28,White,13.89999998
Wildcat,2022-03-29,Black,16.53750002
Wildcat,2022-03-29,White,14.4749999
Wildcat,2022-03-30,Black,14.97500014
Wildcat,2022-03-30,White,12.8125
Wildcat,2022-03-31,Black,12.66250026
Wildcat,2022-03-31,White,10.23749995
Wildcat,2022-04-01,Black,14.44999981
Wildcat,2022-04-01,White,11.30000016
Wildcat,2022-04-02,Black,15.34999985
Wildcat,2022-04-02,White,12.38750005
Wildcat,2022-04-03,Black,14.5875001
Wildcat,2022-04-03,White,11.63749972
Wildcat,2022-04-04,Black,15.21249974
Wildcat,2022-04-04,White,13.56249964
Wildcat,2022-04-05,Black,10.81250018
Wildcat,2022-04-05,White,8.81250006
Wildcat,2022-04-06,Black,14.47500014
Wildcat,2022-04-06,White,10.98750009
Wildcat,2022-04-07,Black,15.48750013
Wildcat,2022-04-07,White,12.2875002
Wildcat,2022-04-08,Black,16.00000006
Wildcat,2022-04-08,White,13.09999985
Wildcat,2022-04-09,Black,12.72499996
Wildcat,2022-04-09,White,10.24999997
Wildcat,2022-04-10,Black,8.712499917
Wildcat,2022-04-10,White,6.87499994
Wildcat,2022-04-11,Black,8.474999964
Wildcat,2022-04-11,White,6.9375
Wildcat,2022-04-12,Black,10.01249996
Wildcat,2022-04-12,White,7.924999803
Wildcat,2022-04-13,Black,8.437499985
Wildcat,2022-04-13,White,6.600000039
Wildcat,2022-04-14,Black,10.18750006
Wildcat,2022-04-14,White,8.412499905
Wildcat,2022-04-15,Black,12.94999987
Wildcat,2022-04-15,White,10.0500001
Wildcat,2022-04-16,Black,11.69999987
Wildcat,2022-04-16,White,9.837499976
Wildcat,2022-04-17,Black,14.73750028
Wildcat,2022-04-17,White,11.26249978
Wildcat,2022-04-18,Black,15.02499992
Wildcat,2022-04-18,White,12.37499982
Wildcat,2022-04-19,Black,16.51249993
Wildcat,2022-04-19,White,13.52500004
Wildcat,2022-04-20,Black,15.41250026
Wildcat,2022-04-20,White,12.97500002
Wildcat,2022-04-21,Black,15.26250017
Wildcat,2022-04-21,White,12.95000005
Wildcat,2022-04-22,Black,15.33749986
Wildcat,2022-04-22,White,13.11249995
Wildcat,2022-04-23,Black,15.43750018
Wildcat,2022-04-23,White,13.28750002
Wildcat,2022-04-24,Black,19.51250005
Wildcat,2022-04-24,White,15.65000004
Wildcat,2022-04-25,Black,16.02500004
Wildcat,2022-04-25,White,13.35000002
Wildcat,2022-04-26,Black,18.25000024
Wildcat,2022-04-26,White,15.7750001
Wildcat,2022-04-27,Black,18.67500007
Wildcat,2022-04-27,White,15.7125001
Wildcat,2022-04-28,Black,13.35000002
Wildcat,2022-04-28,White,11.53749996
Wildcat,2022-04-29,Black,15.90000004
Wildcat,2022-04-29,White,12.98750007
Wildcat,2022-04-30,Black,13.60000002
Wildcat,2022-04-30,White,11.23749989
Wildcat,2022-05-01,Black,16.33749974
Wildcat,2022-05-01,White,14.38750017
Wildcat,2022-05-02,Black,13.06250012
Wildcat,2022-05-02,White,11.47500008
Wildcat,2022-05-03,Black,14.58749992
Wildcat,2022-05-03,White,13.02500004
Wildcat,2022-05-04,Black,20.96249998
Wildcat,2022-05-04,White,17.55000007
Wildcat,2022-05-05,Black,20.28750014
Wildcat,2022-05-05,White,17.85000026
Wildcat,2022-05-06,Black,21.66250002
Wildcat,2022-05-06,White,18.65000021
Wildcat,2022-05-07,Black,16.29999983
Wildcat,2022-05-07,White,13.97499979
Wildcat,2022-05-08,Black,14.3750003
Wildcat,2022-05-08,White,11.97499996
Wildcat,2022-05-09,Black,13.88750005
Wildcat,2022-05-09,White,11.43749988
Wildcat,2022-05-10,Black,16.07500011
Wildcat,2022-05-10,White,12.98749992
Wildcat,2022-05-11,Black,18.07499993
Wildcat,2022-05-11,White,15.26250023
Wildcat,2022-05-12,Black,18.86249995
Wildcat,2022-05-12,White,15.7125001
Wildcat,2022-05-13,Black,21.86249995
Wildcat,2022-05-13,White,18.38749993
Wildcat,2022-05-14,Black,21.75
Wildcat,2022-05-14,White,18.76250017
Wildcat,2022-05-15,Black,23.98750007
Wildcat,2022-05-15,White,20.61250019
Wildcat,2022-05-16,Black,26.31249976
Wildcat,2022-05-16,White,23.81250012
Wildcat,2022-05-17,Black,26.62500048
Wildcat,2022-05-17,White,23.40000033
Wildcat,2022-05-18,Black,23.85000014
Wildcat,2022-05-18,White,21.10000002
Wildcat,2022-05-19,Black,17.97500026
Wildcat,2022-05-19,White,15.83749986
Wildcat,2022-05-20,Black,22.55000019
Wildcat,2022-05-20,White,19.23749971
Wildcat,2022-05-21,Black,22.59999979
Wildcat,2022-05-21,White,19.36249959
Wildcat,2022-05-22,Black,24.84999943
Wildcat,2022-05-22,White,21.32499945
Wildcat,2022-05-23,Black,25.37500024
Wildcat,2022-05-23,White,21.82499993
Wildcat,2022-05-24,Black,26.9124999
Wildcat,2022-05-24,White,23.47500062
Wildcat,2022-05-25,Black,30.36249983
Wildcat,2022-05-25,White,26.42499983
Wildcat,2022-05-26,Black,31.6624999
Wildcat,2022-05-26,White,28.01249981
Wildcat,2022-05-27,Black,27.79999995
Wildcat,2022-05-27,White,25.11249995
Wildcat,2022-05-28,Black,23.62500012
Wildcat,2022-05-28,White,21.02499998
Wildcat,2022-05-29,Black,13.38750005
Wildcat,2022-05-29,White,12.48749995
Wildcat,2022-05-30,Black,13.05000007
Wildcat,2022-05-30,White,11.91250002
Wildcat,2022-05-31,Black,21.14999986
Wildcat,2022-05-31,White,18.3375001
Wildcat,2022-06-01,Black,24.31250024
Wildcat,2022-06-01,White,20.96249998
Wildcat,2022-06-02,Black,24.5
Wildcat,2022-06-02,White,21.79999983
Wildcat,2022-06-03,Black,26.44999957
Wildcat,2022-06-03,White,23.77499986
Wildcat,2022-06-04,Black,22.23749995
Wildcat,2022-06-04,White,19.98749995
Wildcat,2022-06-05,Black,23.0250001
Wildcat,2022-06-05,White,20.83750021
Wildcat,2022-06-06,Black,24.68750024
Wildcat,2022-06-06,White,22.53749967
Wildcat,2022-06-07,Black,26.42499983
Wildcat,2022-06-07,White,23.11249995
Wildcat,2022-06-08,Black,24.64999986
Wildcat,2022-06-08,White,21.6624999
Wildcat,2022-06-09,Black,28.33749986
Wildcat,2022-06-09,White,24.96250081
Wildcat,2022-06-10,Black,33.18750024
Wildcat,2022-06-10,White,29.37499976
Wildcat,2022-06-11,Black,31.17499995
Wildcat,2022-06-11,White,28.54999971
Wildcat,2022-06-12,Black,19.98749995
Wildcat,2022-06-12,White,18.61250031
Wildcat,2022-06-13,Black,16.86249995
Wildcat,2022-06-13,White,15.83749974
Wildcat,2022-06-14,Black,18.20000029
Wildcat,2022-06-14,White,16.42499971
Wildcat,2022-06-15,Black,23.25000048
Wildcat,2022-06-15,White,19.63750017
Wildcat,2022-06-16,Black,27.51250029
Wildcat,2022-06-16,White,24.88750029
Wildcat,2022-06-17,Black,25.52499986
Wildcat,2022-06-17,White,23.20000005
Wildcat,2022-06-18,Black,27.50000024
Wildcat,2022-06-18,White,24.38750017
Wildcat,2022-06-19,Black,23.875
Wildcat,2022-06-19,White,21.375
Wildcat,2022-06-20,Black,27.61250007
Wildcat,2022-06-20,White,24.21249998
Wildcat,2022-06-21,Black,29.875
Wildcat,2022-06-21,White,25.68750024
Wildcat,2022-06-22,Black,32.16250014
Wildcat,2022-06-22,White,27.7750001
Wildcat,2022-06-23,Black,33.36250019
Wildcat,2022-06-23,White,29.54999995
Wildcat,2022-06-24,Black,31.79999995
Wildcat,2022-06-24,White,28.32499981
Wildcat,2022-06-25,Black,32.31250048
Wildcat,2022-06-25,White,28.0999999
Wildcat,2022-06-26,Black,33.7874999
Wildcat,2022-06-26,White,29.34999943
Wildcat,2022-06-27,Black,36.2750001
Wildcat,2022-06-27,White,31.71249986
Wildcat,2022-06-28,Black,37.8499999
Wildcat,2022-06-28,White,34.0999999
Wildcat,2022-06-29,Black,34.31250048
Wildcat,2022-06-29,White,30.73749971
Wildcat,2022-06-30,Black,35.4124999
Wildcat,2022-06-30,White,31.1875
Wildcat,2022-07-01,Black,36.1875
Wildcat,2022-07-01,White,32.5625
Wildcat,2022-07-02,Black,35.52500033
Wildcat,2022-07-02,White,31.70000052
Wildcat,2022-07-03,Black,34.69999981
Wildcat,2022-07-03,White,31.62500024
Wildcat,2022-07-04,Black,34.19999957
Wildcat,2022-07-04,White,30.75
Wildcat,2022-07-05,Black,35.375
Wildcat,2022-07-05,White,31.80000043
Wildcat,2022-07-06,Black,37.09999943
Wildcat,2022-07-06,White,33.62499976
Wildcat,2022-07-07,Black,37.28750014
Wildcat,2022-07-07,White,33.77500033
Wildcat,2022-07-08,Black,37.44999981
Wildcat,2022-07-08,White,33.97499967
Wildcat,2022-07-09,Black,37.38750005
Wildcat,2022-07-09,White,34.07499933
Wildcat,2022-07-10,Black,36.13750029
Wildcat,2022-07-10,White,33.0250001
Wildcat,2022-07-11,Black,36.625
Wildcat,2022-07-11,White,33.10000014
Wildcat,2022-07-12,Black,38.96250033
Wildcat,2022-07-12,White,34.57500029
Wildcat,2022-07-13,Black,39.54999995
Wildcat,2022-07-13,White,35.56249928
Wildcat,2022-07-14,Black,39.7874999
Wildcat,2022-07-14,White,36.02499986
Wildcat,2022-07-15,Black,40.67499995
Wildcat,2022-07-15,White,36.33749938
Wildcat,2022-07-16,Black,40.18749976
Wildcat,2022-07-16,White,36.07500005
Wildcat,2022-07-17,Black,38.72500038
Wildcat,2022-07-17,White,34.09999943
Wildcat,2022-07-18,Black,37.3499999
Wildcat,2022-07-18,White,33.87500024
Wildcat,2022-07-19,Black,38.1500001
Wildcat,2022-07-19,White,33.78749943
Wildcat,2022-07-20,Black,40.0625
Wildcat,2022-07-20,White,35.87500024
Wildcat,2022-07-21,Black,39.92499995
Wildcat,2022-07-21,White,36.14999962
Wildcat,2022-07-22,Black,39.76250005
Wildcat,2022-07-22,White,36.08749962
Wildcat,2022-07-23,Black,39.05000019
Wildcat,2022-07-23,White,35.0875001
Wildcat,2022-07-24,Black,37.80000019
Wildcat,2022-07-24,White,34.4375
Wildcat,2022-07-25,Black,39.41250014
Wildcat,2022-07-25,White,35.64999986
Wildcat,2022-07-26,Black,40.31250024
Wildcat,2022-07-26,White,36.7750001
Wildcat,2022-07-27,Black,41.5999999
Wildcat,2022-07-27,White,38.0625
Wildcat,2022-07-28,Black,42.11250019
Wildcat,2022-07-28,White,38.73750019
Wildcat,2022-07-29,Black,41.9625001
Wildcat,2022-07-29,White,38.66250014
Wildcat,2022-07-30,Black,41.89999986
Wildcat,2022-07-30,White,38
Wildcat,2022-07-31,Black,40.4000001
Wildcat,2022-07-31,White,36.64999986
Wildcat,2022-08-01,Black,40.62499976
Wildcat,2022-08-01,White,37.625
Wildcat,2022-08-02,Black,35.22500038
Wildcat,2022-08-02,White,33.28749943
Wildcat,2022-08-03,Black,38.99999976
Wildcat,2022-08-03,White,35.10000014
Wildcat,2022-08-04,Black,40.54999971
Wildcat,2022-08-04,White,36.40000033
Wildcat,2022-08-05,Black,38.26250005
Wildcat,2022-08-05,White,33.98749971
Wildcat,2022-08-06,Black,37.61249995
Wildcat,2022-08-06,White,34.30000019
Wildcat,2022-08-07,Black,37.89999986
Wildcat,2022-08-07,White,33.72500014
Wildcat,2022-08-08,Black,37.625
Wildcat,2022-08-08,White,33.2874999
Wildcat,2022-08-09,Black,38.71249986
Wildcat,2022-08-09,White,35.72500014
Wildcat,2022-08-10,Black,36.14999962
Wildcat,2022-08-10,White,32.45000029
Wildcat,2022-08-11,Black,35.92500043
Wildcat,2022-08-11,White,32.94999957
Wildcat,2022-08-12,Black,33.66250038
Wildcat,2022-08-12,White,30.88750029
Wildcat,2022-08-13,Black,34.86249971
Wildcat,2022-08-13,White,31.7249999
Wildcat,2022-08-14,Black,34.88750005
Wildcat,2022-08-14,White,31.64999938
Wildcat,2022-08-15,Black,36.14999986
Wildcat,2022-08-15,White,32.66250014
Wildcat,2022-08-16,Black,37.32499957
Wildcat,2022-08-16,White,33.73750043
Wildcat,2022-08-17,Black,38.08749986
Wildcat,2022-08-17,White,34.55000019
Wildcat,2022-08-18,Black,35.94999981
Wildcat,2022-08-18,White,33.1624999
Wildcat,2022-08-19,Black,36.98749971
Wildcat,2022-08-19,White,34.39999986
Wildcat,2022-08-20,Black,36.60000014
Wildcat,2022-08-20,White,33.31249928
Wildcat,2022-08-21,Black,37.88750005
Wildcat,2022-08-21,White,34.42500019
Wildcat,2022-08-22,Black,37.33750033
Wildcat,2022-08-22,White,33.6624999
Wildcat,2022-08-23,Black,36.82500052
Wildcat,2022-08-23,White,33.4000001
Wildcat,2022-08-24,Black,36.26250005
Wildcat,2022-08-24,White,33.01249981
Wildcat,2022-08-25,Black,36.73749995
Wildcat,2022-08-25,White,33.48749971
Wildcat,2022-08-26,Black,36.54999971
Wildcat,2022-08-26,White,33.20000005
Wildcat,2022-08-27,Black,33.88750005
Wildcat,2022-08-27,White,30.83749962
Wildcat,2022-08-28,Black,31.82500029
Wildcat,2022-08-28,White,28.55000043
Wildcat,2022-08-29,Black,33.7750001
Wildcat,2022-08-29,White,30.27499986
Wildcat,2022-08-30,Black,34.21249962
Wildcat,2022-08-30,White,30.5374999
Wildcat,2022-08-31,Black,35.61249971
Wildcat,2022-08-31,White,32.1624999
Wildcat,NA,Black,0.399999995
Wildcat,NA,White,0.500000007
Cheyenne,2021-10-15,Black,8.649999857
Cheyenne,2021-10-15,White,6.399999857
Cheyenne,2021-10-16,Black,12.65000021
Cheyenne,2021-10-16,White,NA
Cheyenne,2021-10-17,Black,14.25
Cheyenne,2021-10-17,White,NA
Cheyenne,2021-10-18,Black,16.00000048
Cheyenne,2021-10-18,White,12.69999981
Cheyenne,2021-10-19,Black,7.950000048
Cheyenne,2021-10-19,White,NA
Cheyenne,2021-10-20,Black,9.149999976
Cheyenne,2021-10-20,White,7.649999857
Cheyenne,2021-10-21,Black,9.799999595
Cheyenne,2021-10-21,White,7.950000048
Cheyenne,2021-10-22,Black,12.29999971
Cheyenne,2021-10-22,White,9.75
Cheyenne,2021-10-23,Black,9.650000095
Cheyenne,2021-10-23,White,7.949999809
Cheyenne,2021-10-24,Black,10.35000014
Cheyenne,2021-10-24,White,8.550000191
Cheyenne,2021-10-25,Black,10.70000005
Cheyenne,2021-10-25,White,8.400000215
Cheyenne,2021-10-26,Black,9.75
Cheyenne,2021-10-26,White,8.300000191
Cheyenne,2021-10-27,Black,7.050000072
Cheyenne,2021-10-27,White,5.999999881
Cheyenne,2021-10-28,Black,8.150000095
Cheyenne,2021-10-28,White,6.950000048
Cheyenne,2021-10-29,Black,11.49999952
Cheyenne,2021-10-29,White,9.350000143
Cheyenne,2021-10-30,Black,10.85000014
Cheyenne,2021-10-30,White,8.800000191
Cheyenne,2021-10-31,Black,6.299999952
Cheyenne,2021-10-31,White,5.499999881
Cheyenne,2021-11-01,Black,3.299999952
Cheyenne,2021-11-01,White,3.200000048
Cheyenne,2021-11-02,Black,5.249999881
Cheyenne,2021-11-02,White,4.550000072
Cheyenne,2021-11-03,Black,7.500000179
Cheyenne,2021-11-03,White,5.749999881
Cheyenne,2021-11-04,Black,9.050000072
Cheyenne,2021-11-04,White,6.800000072
Cheyenne,2021-11-05,Black,9.75
Cheyenne,2021-11-05,White,7.799999952
Cheyenne,2021-11-06,Black,9.950000167
Cheyenne,2021-11-06,White,7.700000048
Cheyenne,2021-11-07,Black,10.3499999
Cheyenne,2021-11-07,White,8.299999952
Cheyenne,2021-11-08,Black,8.700000048
Cheyenne,2021-11-08,White,6.300000072
Cheyenne,2021-11-09,Black,7.049999952
Cheyenne,2021-11-09,White,5.049999833
Cheyenne,2021-11-10,Black,6.749999881
Cheyenne,2021-11-10,White,5.499999881
Cheyenne,2021-11-11,Black,4.550000072
Cheyenne,2021-11-11,White,3.449999988
Cheyenne,2021-11-12,Black,4.900000215
Cheyenne,2021-11-12,White,3.850000083
Cheyenne,2021-11-13,Black,7.949999809
Cheyenne,2021-11-13,White,6.800000191
Cheyenne,2021-11-14,Black,6.949999928
Cheyenne,2021-11-14,White,6.050000191
Cheyenne,2021-11-15,Black,10.4000001
Cheyenne,2021-11-15,White,9.050000191
Cheyenne,2021-11-16,Black,8.400000095
Cheyenne,2021-11-16,White,7.600000143
Cheyenne,2021-11-17,Black,3.550000049
Cheyenne,2021-11-17,White,2.350000054
Cheyenne,2021-11-18,Black,1.199999928
Cheyenne,2021-11-18,White,NA
Cheyenne,2021-11-19,Black,6.100000203
Cheyenne,2021-11-19,White,4.550000012
Cheyenne,2021-11-20,Black,4.00000006
Cheyenne,2021-11-20,White,2.899999917
Cheyenne,2021-11-21,Black,4.50000019
Cheyenne,2021-11-21,White,2.800000042
Cheyenne,2021-11-22,Black,5.999999911
Cheyenne,2021-11-22,White,4.599999905
Cheyenne,2021-11-23,Black,5.599999905
Cheyenne,2021-11-23,White,4.250000194
Cheyenne,2021-11-24,Black,3.050000094
Cheyenne,2021-11-24,White,NA
Cheyenne,2021-11-25,Black,2.149999976
Cheyenne,2021-11-25,White,NA
Cheyenne,2021-11-26,Black,6.350000143
Cheyenne,2021-11-26,White,5.299999952
Cheyenne,2021-11-27,Black,4.800000072
Cheyenne,2021-11-27,White,3.399999917
Cheyenne,2021-11-28,Black,4.550000001
Cheyenne,2021-11-28,White,3.649999946
Cheyenne,2021-11-29,Black,8.650000095
Cheyenne,2021-11-29,White,7.449999809
Cheyenne,2021-11-30,Black,5.949999809
Cheyenne,2021-11-30,White,4.75
Cheyenne,2021-12-01,Black,8.399999857
Cheyenne,2021-12-01,White,7.299999714
Cheyenne,2021-12-02,Black,10.10000014
Cheyenne,2021-12-02,White,8.849999905
Cheyenne,2021-12-03,Black,6.600000024
Cheyenne,2021-12-03,White,5.050000191
Cheyenne,2021-12-04,Black,6.250000179
Cheyenne,2021-12-04,White,4.949999899
Cheyenne,2021-12-05,Black,4.499999903
Cheyenne,2021-12-05,White,3.750000045
Cheyenne,2021-12-06,Black,0.050000072
Cheyenne,2021-12-06,White,NA
Cheyenne,2021-12-07,Black,3.149999902
Cheyenne,2021-12-07,White,2.449999951
Cheyenne,2021-12-08,Black,2.649999902
Cheyenne,2021-12-08,White,2.149999946
Cheyenne,2021-12-09,Black,3.100000024
Cheyenne,2021-12-09,White,2.5
Cheyenne,2021-12-10,Black,0.299999952
Cheyenne,2021-12-10,White,0
Cheyenne,2021-12-11,Black,-1.449999951
Cheyenne,2021-12-11,White,-1.450000048
Cheyenne,2021-12-12,Black,2.500000089
Cheyenne,2021-12-12,White,0.949999988
Cheyenne,2021-12-13,Black,2.649999917
Cheyenne,2021-12-13,White,1.200000048
Cheyenne,2021-12-14,Black,2.399999946
Cheyenne,2021-12-14,White,0.950000048
Cheyenne,2021-12-15,Black,0.400000036
Cheyenne,2021-12-15,White,-0.5
Cheyenne,2021-12-16,Black,-0.649999976
Cheyenne,2021-12-16,White,NA
Cheyenne,2021-12-17,Black,-1.5
Cheyenne,2021-12-17,White,NA
Cheyenne,2021-12-18,Black,-2.099999964
Cheyenne,2021-12-18,White,NA
Cheyenne,2021-12-19,Black,-0.050000012
Cheyenne,2021-12-19,White,NA
Cheyenne,2021-12-20,Black,2.249999911
Cheyenne,2021-12-20,White,0.899999946
Cheyenne,2021-12-21,Black,3.249999952
Cheyenne,2021-12-21,White,1.899999946
Cheyenne,2021-12-22,Black,3.700000107
Cheyenne,2021-12-22,White,2.449999999
Cheyenne,2021-12-23,Black,4.399999976
Cheyenne,2021-12-23,White,3.450000107
Cheyenne,2021-12-24,Black,1.949999988
Cheyenne,2021-12-24,White,1.400000036
Cheyenne,2021-12-25,Black,0.350000024
Cheyenne,2021-12-25,White,-0.100000024
Cheyenne,2021-12-26,Black,0.100000024
Cheyenne,2021-12-26,White,0.099999994
Cheyenne,2021-12-27,Black,-0.75
Cheyenne,2021-12-27,White,-0.449999973
Cheyenne,2021-12-28,Black,-1.550000042
Cheyenne,2021-12-28,White,-1.300000023
Cheyenne,2021-12-29,Black,-2.150000047
Cheyenne,2021-12-29,White,-1.999999978
Cheyenne,2021-12-30,Black,-2.75
Cheyenne,2021-12-30,White,-2.749999911
Cheyenne,2021-12-31,Black,-2.100000001
Cheyenne,2021-12-31,White,-2.200000018
Cheyenne,2022-01-01,Black,-2.450000107
Cheyenne,2022-01-01,White,-2.649999976
Cheyenne,2022-01-02,Black,-2.350000098
Cheyenne,2022-01-02,White,-2.400000006
Cheyenne,2022-01-03,Black,-1.5
Cheyenne,2022-01-03,White,-1.449999977
Cheyenne,2022-01-04,Black,-1.149999976
Cheyenne,2022-01-04,White,-1.699999977
Cheyenne,2022-01-05,Black,-2.850000083
Cheyenne,2022-01-05,White,-3.649999976
Cheyenne,2022-01-06,Black,-2.499999955
Cheyenne,2022-01-06,White,-3.099999964
Cheyenne,2022-01-07,Black,0.50000006
Cheyenne,2022-01-07,White,-0.899999976
Cheyenne,2022-01-08,Black,-0.149999976
Cheyenne,2022-01-08,White,-2.099999905
Cheyenne,2022-01-09,Black,-2.75
Cheyenne,2022-01-09,White,-3.599999994
Cheyenne,2022-01-10,Black,-1.099999905
Cheyenne,2022-01-10,White,-2.24999994
Cheyenne,2022-01-11,Black,-0.449999988
Cheyenne,2022-01-11,White,-1.850000024
Cheyenne,2022-01-12,Black,0.549999952
Cheyenne,2022-01-12,White,-1.199999988
Cheyenne,2022-01-13,Black,2.850000024
Cheyenne,2022-01-13,White,1.049999952
Cheyenne,2022-01-14,Black,0
Cheyenne,2022-01-14,White,-0.849999949
Cheyenne,2022-01-15,Black,-1.200000048
Cheyenne,2022-01-15,White,-2.249999911
Cheyenne,2022-01-16,Black,1.49999994
Cheyenne,2022-01-16,White,-0.599999994
Cheyenne,2022-01-17,Black,0.950000048
Cheyenne,2022-01-17,White,-1
Cheyenne,2022-01-18,Black,2.449999999
Cheyenne,2022-01-18,White,0.899999946
Cheyenne,2022-01-19,Black,-0.5
Cheyenne,2022-01-19,White,-1.000000045
Cheyenne,2022-01-20,Black,-1.25
Cheyenne,2022-01-20,White,-1.649999976
Cheyenne,2022-01-21,Black,-0.400000021
Cheyenne,2022-01-21,White,-1.550000023
Cheyenne,2022-01-22,Black,-1.49999994
Cheyenne,2022-01-22,White,-2.950000048
Cheyenne,2022-01-23,Black,0.399999976
Cheyenne,2022-01-23,White,-1.49999994
Cheyenne,2022-01-24,Black,0.099999964
Cheyenne,2022-01-24,White,-1.700000018
Cheyenne,2022-01-25,Black,-1.099999949
Cheyenne,2022-01-25,White,-1.350000054
Cheyenne,2022-01-26,Black,-3.200000107
Cheyenne,2022-01-26,White,-2.699999899
Cheyenne,2022-01-27,Black,-2.399999905
Cheyenne,2022-01-27,White,-3.449999899
Cheyenne,2022-01-28,Black,-2.149999976
Cheyenne,2022-01-28,White,-3.550000101
Cheyenne,2022-01-29,Black,-0.450000048
Cheyenne,2022-01-29,White,-2.050000101
Cheyenne,2022-01-30,Black,1.049999952
Cheyenne,2022-01-30,White,-1.600000024
Cheyenne,2022-01-31,Black,1.149999976
Cheyenne,2022-01-31,White,-0.75
Cheyenne,2022-02-01,Black,-0.74999997
Cheyenne,2022-02-01,White,-1.600000046
Cheyenne,2022-02-02,Black,-0.699999977
Cheyenne,2022-02-02,White,-1.549999952
Cheyenne,2022-02-03,Black,-1.400000051
Cheyenne,2022-02-03,White,-2.300000012
Cheyenne,2022-02-04,Black,-1.600000024
Cheyenne,2022-02-04,White,-2.300000072
Cheyenne,2022-02-05,Black,-0.549999952
Cheyenne,2022-02-05,White,-1.299999975
Cheyenne,2022-02-06,Black,-0.700000048
Cheyenne,2022-02-06,White,-1.950000048
Cheyenne,2022-02-07,Black,-0.049999952
Cheyenne,2022-02-07,White,-2.100000024
Cheyenne,2022-02-08,Black,2.199999899
Cheyenne,2022-02-08,White,-0.150000036
Cheyenne,2022-02-09,Black,2.099999905
Cheyenne,2022-02-09,White,-0.5
Cheyenne,2022-02-10,Black,2.150000095
Cheyenne,2022-02-10,White,0.299999952
Cheyenne,2022-02-11,Black,0.449999988
Cheyenne,2022-02-11,White,-0.850000024
Cheyenne,2022-02-12,Black,-1.599999994
Cheyenne,2022-02-12,White,-2.75
Cheyenne,2022-02-13,Black,0.900000095
Cheyenne,2022-02-13,White,-1.400000095
Cheyenne,2022-02-14,Black,2.75000006
Cheyenne,2022-02-14,White,0.099999905
Cheyenne,2022-02-15,Black,4.400000095
Cheyenne,2022-02-15,White,1.50000006
Cheyenne,2022-02-16,Black,1.149999999
Cheyenne,2022-02-16,White,0
Cheyenne,2022-02-17,Black,-0.199999988
Cheyenne,2022-02-17,White,-0.849999949
Cheyenne,2022-02-18,Black,0.599999905
Cheyenne,2022-02-18,White,-1.299999982
Cheyenne,2022-02-19,Black,2.350000083
Cheyenne,2022-02-19,White,-0.25
Cheyenne,2022-02-20,Black,5.350000098
Cheyenne,2022-02-20,White,2.749999903
Cheyenne,2022-02-21,Black,-2.00000006
Cheyenne,2022-02-21,White,-3.5
Cheyenne,2022-02-22,Black,-5.649999857
Cheyenne,2022-02-22,White,-8.200000048
Cheyenne,2022-02-23,Black,-5.849999905
Cheyenne,2022-02-23,White,-7.650000095
Cheyenne,2022-02-24,Black,-4.499999911
Cheyenne,2022-02-24,White,-5.999999762
Cheyenne,2022-02-25,Black,-4.100000203
Cheyenne,2022-02-25,White,-5.500000119
Cheyenne,2022-02-26,Black,-4.299999893
Cheyenne,2022-02-26,White,-5.800000012
Cheyenne,2022-02-27,Black,0
Cheyenne,2022-02-27,White,-2.900000036
Cheyenne,2022-02-28,Black,3.950000189
Cheyenne,2022-02-28,White,1
Cheyenne,2022-03-01,Black,4.799999908
Cheyenne,2022-03-01,White,3.199999951
Cheyenne,2022-03-02,Black,6.449999809
Cheyenne,2022-03-02,White,4.600000098
Cheyenne,2022-03-03,Black,NA
Cheyenne,2022-03-03,White,5.050000191
Cheyenne,2022-03-04,Black,6.399999976
Cheyenne,2022-03-04,White,4.150000095
Cheyenne,2022-03-05,Black,2.75
Cheyenne,2022-03-05,White,1.799999952
Cheyenne,2022-03-06,Black,0.350000009
Cheyenne,2022-03-06,White,0.099999994
Cheyenne,2022-03-07,Black,0.400000095
Cheyenne,2022-03-07,White,-1
Cheyenne,2022-03-08,Black,-0.550000191
Cheyenne,2022-03-08,White,-2.950000092
Cheyenne,2022-03-09,Black,-0.099999994
Cheyenne,2022-03-09,White,-0.699999973
Cheyenne,2022-03-10,Black,-0.899999976
Cheyenne,2022-03-10,White,-1.650000006
Cheyenne,2022-03-11,Black,-1.700000018
Cheyenne,2022-03-11,White,-2.150000006
Cheyenne,2022-03-12,Black,1.300000072
Cheyenne,2022-03-12,White,-1.200000107
Cheyenne,2022-03-13,Black,NA
Cheyenne,2022-03-13,White,3.299999952
Cheyenne,2022-03-14,Black,NA
Cheyenne,2022-03-14,White,4.049999803
Cheyenne,2022-03-15,Black,NA
Cheyenne,2022-03-15,White,4.700000107
Cheyenne,2022-03-16,Black,NA
Cheyenne,2022-03-16,White,4.650000006
Cheyenne,2022-03-17,Black,6.849999905
Cheyenne,2022-03-17,White,3.699999958
Cheyenne,2022-03-18,Black,NA
Cheyenne,2022-03-18,White,3.00000006
Cheyenne,2022-03-19,Black,NA
Cheyenne,2022-03-19,White,4.599999994
Cheyenne,2022-03-20,Black,NA
Cheyenne,2022-03-20,White,6.250000194
Cheyenne,2022-03-21,Black,5.049999893
Cheyenne,2022-03-21,White,3.150000095
Cheyenne,2022-03-22,Black,2.499999903
Cheyenne,2022-03-22,White,0.5
Cheyenne,2022-03-23,Black,5.200000189
Cheyenne,2022-03-23,White,3.149999946
Cheyenne,2022-03-24,Black,NA
Cheyenne,2022-03-24,White,6.300000101
Cheyenne,2022-03-25,Black,NA
Cheyenne,2022-03-25,White,6.100000098
Cheyenne,2022-03-26,Black,NA
Cheyenne,2022-03-26,White,8.600000024
Cheyenne,2022-03-27,Black,NA
Cheyenne,2022-03-27,White,8.199999809
Cheyenne,2022-03-28,Black,NA
Cheyenne,2022-03-28,White,9.800000191
Cheyenne,2022-03-29,Black,7.150000215
Cheyenne,2022-03-29,White,5.850000024
Cheyenne,2022-03-30,Black,3.899999999
Cheyenne,2022-03-30,White,2.299999893
Cheyenne,2022-03-31,Black,NA
Cheyenne,2022-03-31,White,6.000000089
Cheyenne,2022-04-01,Black,9.850000143
Cheyenne,2022-04-01,White,7.349999785
Cheyenne,2022-04-02,Black,9
Cheyenne,2022-04-02,White,6.500000097
Cheyenne,2022-04-03,Black,9.150000095
Cheyenne,2022-04-03,White,6.549999893
Cheyenne,2022-04-04,Black,8.649999797
Cheyenne,2022-04-04,White,6.199999999
Cheyenne,2022-04-05,Black,7.149999857
Cheyenne,2022-04-05,White,5.150000095
Cheyenne,2022-04-06,Black,4.900000006
Cheyenne,2022-04-06,White,3.250000089
Cheyenne,2022-04-07,Black,6.25
Cheyenne,2022-04-07,White,4.250000194
Cheyenne,2022-04-08,Black,9.150000006
Cheyenne,2022-04-08,White,6.649999809
Cheyenne,2022-04-09,Black,11.99999976
Cheyenne,2022-04-09,White,9.499999762
Cheyenne,2022-04-10,Black,7.799999952
Cheyenne,2022-04-10,White,5.200000107
Cheyenne,2022-04-11,Black,7.349999994
Cheyenne,2022-04-11,White,5.000000179
Cheyenne,2022-04-12,Black,6.700000167
Cheyenne,2022-04-12,White,4.350000054
Cheyenne,2022-04-13,Black,1.850000143
Cheyenne,2022-04-13,White,-0.5
Cheyenne,2022-04-14,Black,4.999999821
Cheyenne,2022-04-14,White,2.5
Cheyenne,2022-04-15,Black,4.899999797
Cheyenne,2022-04-15,White,2.349999905
Cheyenne,2022-04-16,Black,6.249999821
Cheyenne,2022-04-16,White,3.950000096
Cheyenne,2022-04-17,Black,7.400000095
Cheyenne,2022-04-17,White,5.099999994
Cheyenne,2022-04-18,Black,8.300000101
Cheyenne,2022-04-18,White,5.649999797
Cheyenne,2022-04-19,Black,11.35000014
Cheyenne,2022-04-19,White,8.649999976
Cheyenne,2022-04-20,Black,12.39999962
Cheyenne,2022-04-20,White,9.549999714
Cheyenne,2022-04-21,Black,11.99999976
Cheyenne,2022-04-21,White,9.449999809
Cheyenne,2022-04-22,Black,16.05000043
Cheyenne,2022-04-22,White,13.1500001
Cheyenne,2022-04-23,Black,9.849999905
Cheyenne,2022-04-23,White,8.5
Cheyenne,2022-04-24,Black,10.05000019
Cheyenne,2022-04-24,White,7.550000072
Cheyenne,2022-04-25,Black,9.94999963
Cheyenne,2022-04-25,White,6.25000019
Cheyenne,2022-04-26,Black,12.25
Cheyenne,2022-04-26,White,8.849999785
Cheyenne,2022-04-27,Black,15.55000019
Cheyenne,2022-04-27,White,11.94999957
Cheyenne,2022-04-28,Black,16.94999981
Cheyenne,2022-04-28,White,12.9000001
Cheyenne,2022-04-29,Black,13.89999962
Cheyenne,2022-04-29,White,10.79999995
Cheyenne,2022-04-30,Black,13.0999999
Cheyenne,2022-04-30,White,9.900000095
Cheyenne,2022-05-01,Black,11.55000019
Cheyenne,2022-05-01,White,8.600000143
Cheyenne,2022-05-02,Black,8.449999809
Cheyenne,2022-05-02,White,6.200000048
Cheyenne,2022-05-03,Black,7.799999714
Cheyenne,2022-05-03,White,6.200000048
Cheyenne,2022-05-04,Black,8.849999905
Cheyenne,2022-05-04,White,7.050000191
Cheyenne,2022-05-05,Black,12.49999976
Cheyenne,2022-05-05,White,9.349999785
Cheyenne,2022-05-06,Black,-8.350000381
Cheyenne,2022-05-06,White,12.25000024
Cheyenne,2022-05-07,Black,NA
Cheyenne,2022-05-07,White,14.14999986
Cheyenne,2022-05-08,Black,NA
Cheyenne,2022-05-08,White,12.49999952
Cheyenne,2022-05-09,Black,-9
Cheyenne,2022-05-09,White,12.1500001
Cheyenne,2022-05-10,Black,-9.149999619
Cheyenne,2022-05-10,White,11.20000029
Cheyenne,2022-05-11,Black,NA
Cheyenne,2022-05-11,White,14.20000029
Cheyenne,2022-05-12,Black,-10.14999962
Cheyenne,2022-05-12,White,-10.00000048
Cheyenne,2022-05-13,Black,-9.399999619
Cheyenne,2022-05-13,White,11.74999976
Cheyenne,2022-05-14,Black,-9
Cheyenne,2022-05-14,White,12.24999976
Cheyenne,2022-05-15,Black,-5.800000191
Cheyenne,2022-05-15,White,15.19999957
Cheyenne,2022-05-16,Black,-6.699999809
Cheyenne,2022-05-16,White,15.29999971
Cheyenne,2022-05-17,Black,-8.100000381
Cheyenne,2022-05-17,White,15.09999943
Cheyenne,2022-05-18,Black,-5.300000191
Cheyenne,2022-05-18,White,16.99999952
Cheyenne,2022-05-19,Black,NA
Cheyenne,2022-05-19,White,16.29999971
Cheyenne,2022-05-20,Black,-12.80000019
Cheyenne,2022-05-20,White,8.900000095
Cheyenne,2022-05-21,Black,-8.100000381
Cheyenne,2022-05-21,White,9.249999642
Cheyenne,2022-05-22,Black,-9.949999809
Cheyenne,2022-05-22,White,8.549999952
Cheyenne,2022-05-23,Black,-11.55000019
Cheyenne,2022-05-23,White,8.550000191
Cheyenne,2022-05-24,Black,-9.75
Cheyenne,2022-05-24,White,9.549999952
Cheyenne,2022-05-25,Black,-7.800000191
Cheyenne,2022-05-25,White,11.0999999
Cheyenne,2022-05-26,Black,NA
Cheyenne,2022-05-26,White,14.50000024
Cheyenne,2022-05-27,Black,NA
Cheyenne,2022-05-27,White,15.80000019
Cheyenne,2022-05-28,Black,-9.449999809
Cheyenne,2022-05-28,White,14.44999981
Cheyenne,2022-05-29,Black,NA
Cheyenne,2022-05-29,White,15.9000001
Cheyenne,2022-05-30,Black,-10.30000019
Cheyenne,2022-05-30,White,11.69999981
Cheyenne,2022-05-31,Black,-9.649999619
Cheyenne,2022-05-31,White,11.74999976
Cheyenne,2022-06-01,Black,NA
Cheyenne,2022-06-01,White,13.29999971
Cheyenne,2022-06-02,Black,NA
Cheyenne,2022-06-02,White,11.19999981
Cheyenne,2022-06-03,Black,-7.5
Cheyenne,2022-06-03,White,14.70000029
Cheyenne,2022-06-04,Black,NA
Cheyenne,2022-06-04,White,17.0999999
Cheyenne,2022-06-05,Black,-7.149999619
Cheyenne,2022-06-05,White,17.10000038
Cheyenne,2022-06-06,Black,NA
Cheyenne,2022-06-06,White,17.05000019
Cheyenne,2022-06-07,Black,NA
Cheyenne,2022-06-07,White,17.80000019
Cheyenne,2022-06-08,Black,NA
Cheyenne,2022-06-08,White,17.29999971
Cheyenne,2022-06-09,Black,NA
Cheyenne,2022-06-09,White,19.45000029
Cheyenne,2022-06-10,Black,NA
Cheyenne,2022-06-10,White,19.4000001
Cheyenne,2022-06-11,Black,NA
Cheyenne,2022-06-11,White,21.30000019
Cheyenne,2022-06-12,Black,NA
Cheyenne,2022-06-12,White,22.90000057
Cheyenne,2022-06-13,Black,NA
Cheyenne,2022-06-13,White,23.35000038
Cheyenne,2022-06-14,Black,NA
Cheyenne,2022-06-14,White,20.14999962
Cheyenne,2022-06-15,Black,NA
Cheyenne,2022-06-15,White,19.94999981
Cheyenne,2022-06-16,Black,NA
Cheyenne,2022-06-16,White,21.74999952
Cheyenne,2022-06-17,Black,NA
Cheyenne,2022-06-17,White,23.80000019
Cheyenne,2022-06-18,Black,NA
Cheyenne,2022-06-18,White,23.39999962
Cheyenne,2022-06-19,Black,NA
Cheyenne,2022-06-19,White,22.84999943
Cheyenne,2022-06-20,Black,NA
Cheyenne,2022-06-20,White,22.89999962
Cheyenne,2022-06-21,Black,NA
Cheyenne,2022-06-21,White,20.9000001
Cheyenne,2022-06-22,Black,NA
Cheyenne,2022-06-22,White,21.69999981
Cheyenne,2022-06-23,Black,NA
Cheyenne,2022-06-23,White,23.80000019
Cheyenne,2022-06-24,Black,NA
Cheyenne,2022-06-24,White,24.09999943
Cheyenne,2022-06-25,Black,-2.75
Cheyenne,2022-06-25,White,21.95000029
Cheyenne,2022-06-26,Black,-5.649999619
Cheyenne,2022-06-26,White,20.04999971
Cheyenne,2022-06-27,Black,-1.149999619
Cheyenne,2022-06-27,White,22.44999933
Cheyenne,2022-06-28,Black,-0.149999619
Cheyenne,2022-06-28,White,23.65000057
Cheyenne,2022-06-29,Black,-2.850000381
Cheyenne,2022-06-29,White,22.69999981
Cheyenne,2022-06-30,Black,-2.700000763
Cheyenne,2022-06-30,White,22.80000019
Cheyenne,2022-07-01,Black,-1.299999237
Cheyenne,2022-07-01,White,17.04999959
Cheyenne,2022-07-02,Black,-0.549999237
Cheyenne,2022-07-02,White,18.70000005
Cheyenne,2022-07-03,Black,-2.75
Cheyenne,2022-07-03,White,21.69999981
Cheyenne,2022-07-04,Black,-2.649999619
Cheyenne,2022-07-04,White,21.8499999
Cheyenne,2022-07-05,Black,-2.75
Cheyenne,2022-07-05,White,22.75
Cheyenne,2022-07-06,Black,-4.600000381
Cheyenne,2022-07-06,White,19.44999981
Cheyenne,2022-07-07,Black,-3.350000381
Cheyenne,2022-07-07,White,6.550000191
Cheyenne,2022-07-08,Black,-3.200000763
Cheyenne,2022-07-08,White,20.1500001
Cheyenne,2022-07-09,Black,0.200000763
Cheyenne,2022-07-09,White,23.69999933
Cheyenne,2022-07-10,Black,-2.649999619
Cheyenne,2022-07-10,White,23.59999943
Cheyenne,2022-07-11,Black,-1.399999619
Cheyenne,2022-07-11,White,23.64999962
Cheyenne,2022-07-12,Black,-1.649999619
Cheyenne,2022-07-12,White,23.5
Cheyenne,2022-07-13,Black,-1.299999237
Cheyenne,2022-07-13,White,24.60000038
Cheyenne,2022-07-14,Black,-2.899999619
Cheyenne,2022-07-14,White,24.15000057
Cheyenne,2022-07-15,Black,-1.25
Cheyenne,2022-07-15,White,25.79999924
Cheyenne,2022-07-16,Black,-2.149999619
Cheyenne,2022-07-16,White,24.5
Cheyenne,2022-07-17,Black,-0.700000763
Cheyenne,2022-07-17,White,25.05000114
Cheyenne,2022-07-18,Black,-1.399999619
Cheyenne,2022-07-18,White,25.89999962
Cheyenne,2022-07-19,Black,-1.549999237
Cheyenne,2022-07-19,White,26.19999981
Cheyenne,2022-07-20,Black,-0.700000763
Cheyenne,2022-07-20,White,25.55000019
Cheyenne,2022-07-21,Black,0.450000763
Cheyenne,2022-07-21,White,26.40000057
Cheyenne,2022-07-22,Black,0.850000381
Cheyenne,2022-07-22,White,27.14999962
Cheyenne,2022-07-23,Black,-1.100000381
Cheyenne,2022-07-23,White,25.84999943
Cheyenne,2022-07-24,Black,10.95000029
Cheyenne,2022-07-24,White,-2.550000191
Cheyenne,2022-07-25,Black,-1.899999619
Cheyenne,2022-07-25,White,1.899999619
Cheyenne,2022-07-26,Black,-1.299999237
Cheyenne,2022-07-26,White,24.59999943
Cheyenne,2022-07-27,Black,-1.299999237
Cheyenne,2022-07-27,White,25.14999962
Cheyenne,2022-07-28,Black,-3.25
Cheyenne,2022-07-28,White,19.04999971
Cheyenne,2022-07-29,Black,-2.350000381
Cheyenne,2022-07-29,White,23.14999962
Cheyenne,2022-07-30,Black,-2.200000763
Cheyenne,2022-07-30,White,-3.849999428
Cheyenne,2022-07-31,Black,-3.600000381
Cheyenne,2022-07-31,White,22.85000038
Cheyenne,2022-08-01,Black,-3.700000763
Cheyenne,2022-08-01,White,23
Cheyenne,2022-08-02,Black,-4.600000381
Cheyenne,2022-08-02,White,23.35000038
Cheyenne,2022-08-03,Black,-3.450000763
Cheyenne,2022-08-03,White,22.80000019
Cheyenne,2022-08-04,Black,-1.25
Cheyenne,2022-08-04,White,24.79999924
Cheyenne,2022-08-05,Black,-1.700000763
Cheyenne,2022-08-05,White,25.55000019
Cheyenne,2022-08-06,Black,-1.5
Cheyenne,2022-08-06,White,24.75
Cheyenne,2022-08-07,Black,3.449998856
Cheyenne,2022-08-07,White,22.75
Cheyenne,2022-08-08,Black,-0.899999619
Cheyenne,2022-08-08,White,4.300000191
Cheyenne,2022-08-09,Black,1.949998856
Cheyenne,2022-08-09,White,24
Cheyenne,2022-08-10,Black,-1
Cheyenne,2022-08-10,White,25.15000057
Cheyenne,2022-08-11,Black,-0.149999619
Cheyenne,2022-08-11,White,26.05000019
Cheyenne,2022-08-12,Black,-0.25
Cheyenne,2022-08-12,White,26.89999962
Cheyenne,2022-08-13,Black,-0.5
Cheyenne,2022-08-13,White,26.60000038
Cheyenne,2022-08-14,Black,-1.600000381
Cheyenne,2022-08-14,White,25.69999981
Cheyenne,2022-08-15,Black,0.849999428
Cheyenne,2022-08-15,White,21.69999981
Cheyenne,2022-08-16,Black,-2.25
Cheyenne,2022-08-16,White,NA
Cheyenne,2022-08-17,Black,-1.450000763
Cheyenne,2022-08-17,White,22.60000038
Cheyenne,2022-08-18,Black,-1.350000381
Cheyenne,2022-08-18,White,23.64999962
Cheyenne,2022-08-19,Black,-1.900001526
Cheyenne,2022-08-19,White,23.55000019
Cheyenne,2022-08-20,Black,-3.899999619
Cheyenne,2022-08-20,White,22.10000038
Cheyenne,2022-08-21,Black,-2.399999619
Cheyenne,2022-08-21,White,-0.349999428
Cheyenne,2022-08-22,Black,4.800000191
Cheyenne,2022-08-22,White,16.64999962
Cheyenne,2022-08-23,Black,26.94999886
Cheyenne,2022-08-23,White,23.64999962
Cheyenne,2022-08-24,Black,26.19999886
Cheyenne,2022-08-24,White,22.55000019
Cheyenne,2022-08-25,Black,18.5
Cheyenne,2022-08-25,White,9.249999762
Cheyenne,2022-08-26,Black,-3.700000763
Cheyenne,2022-08-26,White,14.24999982
Cheyenne,2022-08-27,Black,23.80000019
Cheyenne,2022-08-27,White,20.69999981
Cheyenne,2022-08-28,Black,25.05000019
Cheyenne,2022-08-28,White,22.29999971
Cheyenne,2022-08-29,Black,25.69999886
Cheyenne,2022-08-29,White,22.20000029
Cheyenne,2022-08-30,Black,26.90000057
Cheyenne,2022-08-30,White,22.89999962
Cheyenne,2022-08-31,Black,-2
Cheyenne,2022-08-31,White,24
Cheyenne,2022-09-01,Black,-2.649999619
Cheyenne,2022-09-01,White,23.30000019
Cheyenne,2022-09-02,Black,NA
Cheyenne,2022-09-02,White,24.35000038
Cheyenne,2022-09-03,Black,-2.100000381
Cheyenne,2022-09-03,White,23.25
Cheyenne,2022-09-04,Black,-0.399999619
Cheyenne,2022-09-04,White,24.54999924
Cheyenne,2022-09-05,Black,-0.049999237
Cheyenne,2022-09-05,White,26.19999886
Cheyenne,2022-09-06,Black,0.100000381
Cheyenne,2022-09-06,White,26.65000057
Cheyenne,2022-09-07,Black,0.350000381
Cheyenne,2022-09-07,White,25.84999943
Cheyenne,2022-09-08,Black,NA
Cheyenne,2022-09-08,White,11.25000048
Cheyenne,2022-09-09,Black,NA
Cheyenne,2022-09-09,White,NA
Cheyenne,2022-09-10,Black,-3.900000572
Cheyenne,2022-09-10,White,NA
Cheyenne,2022-09-11,Black,15.59999961
Cheyenne,2022-09-11,White,NA
Cheyenne,2022-09-12,Black,22.59999943
Cheyenne,2022-09-12,White,18.5
Cheyenne,2022-09-13,Black,22.4000001
Cheyenne,2022-09-13,White,18.64999962
Cheyenne,2022-09-14,Black,14.6499998
Cheyenne,2022-09-14,White,NA
Cheyenne,2022-09-15,Black,20.3499999
Cheyenne,2022-09-15,White,-7.5
Cheyenne,2022-09-16,Black,19.89999962
Cheyenne,2022-09-16,White,17.10000038
Cheyenne,2022-09-17,Black,20.9000001
Cheyenne,2022-09-17,White,15.25
Cheyenne,2022-09-18,Black,22.14999962
Cheyenne,2022-09-18,White,18.9000001
Cheyenne,2022-09-19,Black,22.34999943
Cheyenne,2022-09-19,White,19.19999981
Cheyenne,2022-09-20,Black,22.60000038
Cheyenne,2022-09-20,White,19.85000038
Cheyenne,2022-09-21,Black,14.80000019
Cheyenne,2022-09-21,White,NA
Cheyenne,2022-09-22,Black,16.35000038
Cheyenne,2022-09-22,White,13.89999962
Cheyenne,2022-09-23,Black,17.35000038
Cheyenne,2022-09-23,White,14.55000019
Cheyenne,2022-09-24,Black,19.0999999
Cheyenne,2022-09-24,White,15.29999971
Cheyenne,2022-09-25,Black,18.8499999
Cheyenne,2022-09-25,White,15.85000038
Cheyenne,2022-09-26,Black,19.49999952
Cheyenne,2022-09-26,White,16.09999943
Cheyenne,2022-09-27,Black,19.19999981
Cheyenne,2022-09-27,White,15.90000057
Cheyenne,2022-09-28,Black,18.39999962
Cheyenne,2022-09-28,White,15.49999952
Cheyenne,2022-09-29,Black,16.4000001
Cheyenne,2022-09-29,White,14.4000001
Sheep,2021-09-30,Black,19.15000057
Sheep,2021-09-30,White,NA
Sheep,2021-10-01,Black,16.99999952
Sheep,2021-10-01,White,NA
Sheep,2021-10-02,Black,18.50000024
Sheep,2021-10-02,White,NA
Sheep,2021-10-03,Black,17.49999952
Sheep,2021-10-03,White,NA
Sheep,2021-10-04,Black,18.20000029
Sheep,2021-10-04,White,NA
Sheep,2021-10-05,Black,17.70000029
Sheep,2021-10-05,White,NA
Sheep,2021-10-06,Black,18.10000038
Sheep,2021-10-06,White,NA
Sheep,2021-10-07,Black,12.80000019
Sheep,2021-10-07,White,NA
Sheep,2021-10-08,Black,12.69999981
Sheep,2021-10-08,White,NA
Sheep,2021-10-09,Black,12.79999971
Sheep,2021-10-09,White,NA
Sheep,2021-10-10,Black,10.64999986
Sheep,2021-10-10,White,NA
Sheep,2021-10-11,Black,4.800000072
Sheep,2021-10-11,White,NA
Sheep,2021-10-12,Black,2.949999928
Sheep,2021-10-12,White,NA
Sheep,2021-10-13,Black,3.800000072
Sheep,2021-10-13,White,NA
Sheep,2021-10-14,Black,7.800000012
Sheep,2021-10-14,White,NA
Sheep,2021-10-15,Black,8.449999988
Sheep,2021-10-15,White,NA
Sheep,2021-10-16,Black,10.3500002
Sheep,2021-10-16,White,NA
Sheep,2021-10-17,Black,10.60000014
Sheep,2021-10-17,White,NA
Sheep,2021-10-18,Black,12.79999995
Sheep,2021-10-18,White,NA
Sheep,2021-10-19,Black,11.8499999
Sheep,2021-10-19,White,NA
Sheep,2021-10-20,Black,10.45000029
Sheep,2021-10-20,White,NA
Sheep,2021-10-21,Black,11.95000029
Sheep,2021-10-21,White,NA
Sheep,2021-10-22,Black,11.55000043
Sheep,2021-10-22,White,NA
Sheep,2021-10-23,Black,9.699999809
Sheep,2021-10-23,White,NA
Sheep,2021-10-24,Black,6.849999905
Sheep,2021-10-24,White,NA
Sheep,2021-10-25,Black,7.100000143
Sheep,2021-10-25,White,NA
Sheep,2021-10-26,Black,8.750000119
Sheep,2021-10-26,White,NA
Sheep,2021-10-27,Black,9.000000238
Sheep,2021-10-27,White,NA
Sheep,2021-10-28,Black,8.600000143
Sheep,2021-10-28,White,NA
Sheep,2021-10-29,Black,11.1500001
Sheep,2021-10-29,White,NA
Sheep,2021-10-30,Black,12.85000014
Sheep,2021-10-30,White,NA
Sheep,2021-10-31,Black,6.700000048
Sheep,2021-10-31,White,NA
Sheep,2021-11-01,Black,7.749999762
Sheep,2021-11-01,White,NA
Sheep,2021-11-02,Black,9.650000095
Sheep,2021-11-02,White,NA
Sheep,2021-11-03,Black,8.499999762
Sheep,2021-11-03,White,NA
Sheep,2021-11-04,Black,9.750000358
Sheep,2021-11-04,White,NA
Sheep,2021-11-05,Black,9.099999785
Sheep,2021-11-05,White,NA
Sheep,2021-11-06,Black,6.150000215
Sheep,2021-11-06,White,NA
Sheep,2021-11-07,Black,7.300000191
Sheep,2021-11-07,White,NA
Sheep,2021-11-08,Black,3.800000191
Sheep,2021-11-08,White,NA
Sheep,2021-11-09,Black,0.600000009
Sheep,2021-11-09,White,NA
Sheep,2021-11-10,Black,5.249999911
Sheep,2021-11-10,White,NA
Sheep,2021-11-11,Black,3.450000092
Sheep,2021-11-11,White,NA
Sheep,2021-11-12,Black,3.150000006
Sheep,2021-11-12,White,NA
Sheep,2021-11-13,Black,5.749999762
Sheep,2021-11-13,White,NA
Sheep,2021-11-14,Black,5.75
Sheep,2021-11-14,White,NA
Sheep,2021-11-15,Black,5.949999928
Sheep,2021-11-15,White,NA
Sheep,2021-11-16,Black,4.600000191
Sheep,2021-11-16,White,NA
Sheep,2021-11-17,Black,0.399999976
Sheep,2021-11-17,White,NA
Sheep,2021-11-18,Black,-0.900000021
Sheep,2021-11-18,White,NA
Sheep,2021-11-19,Black,0.149999999
Sheep,2021-11-19,White,-0.200000003
Sheep,2021-11-20,Black,3.450000096
Sheep,2021-11-20,White,0.75
Sheep,2021-11-21,Black,2.00000003
Sheep,2021-11-21,White,0.299999993
Sheep,2021-11-22,Black,4.249999903
Sheep,2021-11-22,White,0.449999988
Sheep,2021-11-23,Black,-0.199999988
Sheep,2021-11-23,White,-1.349999964
Sheep,2021-11-24,Black,1.900000036
Sheep,2021-11-24,White,-1.199999988
Sheep,2021-11-25,Black,0.399999976
Sheep,2021-11-25,White,-1.399999976
Sheep,2021-11-26,Black,0.5
Sheep,2021-11-26,White,-1.100000054
Sheep,2021-11-27,Black,2.649999917
Sheep,2021-11-27,White,-0.900000036
Sheep,2021-11-28,Black,5.099999808
Sheep,2021-11-28,White,0.350000024
Sheep,2021-11-29,Black,4.400000095
Sheep,2021-11-29,White,0.450000048
Sheep,2021-11-30,Black,0.650000006
Sheep,2021-11-30,White,-0.400000021
Sheep,2021-12-01,Black,3.25
Sheep,2021-12-01,White,-0.099999964
Sheep,2021-12-02,Black,5.300000101
Sheep,2021-12-02,White,1.25
Sheep,2021-12-03,Black,3.199999999
Sheep,2021-12-03,White,0.299999982
Sheep,2021-12-04,Black,3.649999954
Sheep,2021-12-04,White,0.899999999
Sheep,2021-12-05,Black,1.50000006
Sheep,2021-12-05,White,NA
Sheep,2021-12-06,Black,-0.700000018
Sheep,2021-12-06,White,NA
Sheep,2021-12-07,Black,-0.099999994
Sheep,2021-12-07,White,-0.699999999
Sheep,2021-12-08,Black,-0.400000006
Sheep,2021-12-08,White,-1.099999975
Sheep,2021-12-09,Black,-1.199999958
Sheep,2021-12-09,White,-2.049999952
Sheep,2021-12-10,Black,-2.249999952
Sheep,2021-12-10,White,-2.999999955
Sheep,2021-12-11,Black,-3.000000119
Sheep,2021-12-11,White,-3.849999905
Sheep,2021-12-12,Black,-1.450000048
Sheep,2021-12-12,White,-1.800000042
Sheep,2021-12-13,Black,-0.600000013
Sheep,2021-12-13,White,-0.79999999
Sheep,2021-12-14,Black,-0.150000002
Sheep,2021-12-14,White,-0.300000012
Sheep,2021-12-15,Black,-0.050000001
Sheep,2021-12-15,White,-0.199999999
Sheep,2021-12-16,Black,-0.100000005
Sheep,2021-12-16,White,-0.25
Sheep,2021-12-17,Black,-0.100000005
Sheep,2021-12-17,White,-0.25
Sheep,2021-12-18,Black,-0.150000002
Sheep,2021-12-18,White,-0.350000013
Sheep,2021-12-19,Black,-0.150000002
Sheep,2021-12-19,White,-0.350000013
Sheep,2021-12-20,Black,-0.050000004
Sheep,2021-12-20,White,-0.25
Sheep,2021-12-21,Black,-0.150000002
Sheep,2021-12-21,White,-0.399999995
Sheep,2021-12-22,Black,-0.100000001
Sheep,2021-12-22,White,-0.300000012
Sheep,2021-12-23,Black,0.100000005
Sheep,2021-12-23,White,-0.050000004
Sheep,2021-12-24,Black,0.100000005
Sheep,2021-12-24,White,0
Sheep,2021-12-25,Black,0.050000004
Sheep,2021-12-25,White,-0.100000001
Sheep,2021-12-26,Black,0.050000004
Sheep,2021-12-26,White,-0.150000002
Sheep,2021-12-27,Black,0
Sheep,2021-12-27,White,-0.550000001
Sheep,2021-12-28,Black,-0.249999993
Sheep,2021-12-28,White,-0.950000025
Sheep,2021-12-29,Black,-0.449999988
Sheep,2021-12-29,White,-1.149999991
Sheep,2021-12-30,Black,-0.400000006
Sheep,2021-12-30,White,-0.849999994
Sheep,2021-12-31,Black,-0.250000011
Sheep,2021-12-31,White,NA
Sheep,2022-01-01,Black,-0.649999976
Sheep,2022-01-01,White,NA
Sheep,2022-01-02,Black,-1.000000015
Sheep,2022-01-02,White,NA
Sheep,2022-01-03,Black,-1.199999988
Sheep,2022-01-03,White,NA
Sheep,2022-01-04,Black,-1.100000024
Sheep,2022-01-04,White,NA
Sheep,2022-01-05,Black,-0.799999982
Sheep,2022-01-05,White,-1.199999958
Sheep,2022-01-06,Black,-0.550000001
Sheep,2022-01-06,White,-0.900000013
Sheep,2022-01-07,Black,-0.250000011
Sheep,2022-01-07,White,-0.600000013
Sheep,2022-01-08,Black,-0.350000005
Sheep,2022-01-08,White,-0.749999989
Sheep,2022-01-09,Black,-0.499999989
Sheep,2022-01-09,White,-0.900000025
Sheep,2022-01-10,Black,-0.79999999
Sheep,2022-01-10,White,-1.300000049
Sheep,2022-01-11,Black,-1.100000024
Sheep,2022-01-11,White,-1.600000054
Sheep,2022-01-12,Black,-1
Sheep,2022-01-12,White,-1.5
Sheep,2022-01-13,Black,-0.849999994
Sheep,2022-01-13,White,-1.25000003
Sheep,2022-01-14,Black,-0.849999994
Sheep,2022-01-14,White,-1.299999982
Sheep,2022-01-15,Black,-0.700000018
Sheep,2022-01-15,White,-1.049999982
Sheep,2022-01-16,Black,-0.650000013
Sheep,2022-01-16,White,-1.099999994
Sheep,2022-01-17,Black,-0.849999994
Sheep,2022-01-17,White,-1.25000003
Sheep,2022-01-18,Black,-0.799999982
Sheep,2022-01-18,White,-1.199999958
Sheep,2022-01-19,Black,-0.600000001
Sheep,2022-01-19,White,-0.900000013
Sheep,2022-01-20,Black,-0.54999999
Sheep,2022-01-20,White,-0.850000001
Sheep,2022-01-21,Black,-0.450000007
Sheep,2022-01-21,White,-0.749999978
Sheep,2022-01-22,Black,-0.450000007
Sheep,2022-01-22,White,-0.700000025
Sheep,2022-01-23,Black,-0.499999989
Sheep,2022-01-23,White,-0.850000001
Sheep,2022-01-24,Black,-0.499999989
Sheep,2022-01-24,White,-0.850000001
Sheep,2022-01-25,Black,-0.550000001
Sheep,2022-01-25,White,-0.900000013
Sheep,2022-01-26,Black,-1.00000003
Sheep,2022-01-26,White,-1.350000054
Sheep,2022-01-27,Black,-1.400000036
Sheep,2022-01-27,White,-1.849999964
Sheep,2022-01-28,Black,-1.800000012
Sheep,2022-01-28,White,-2.199999958
Sheep,2022-01-29,Black,-1.949999988
Sheep,2022-01-29,White,-2.25
Sheep,2022-01-30,Black,-2.050000072
Sheep,2022-01-30,White,-2.299999952
Sheep,2022-01-31,Black,-2
Sheep,2022-01-31,White,-2.25
Sheep,2022-02-01,Black,-2.200000048
Sheep,2022-02-01,White,-2.5
Sheep,2022-02-02,Black,-2.100000024
Sheep,2022-02-02,White,-2.299999952
Sheep,2022-02-03,Black,-2.00000006
Sheep,2022-02-03,White,-2.25
Sheep,2022-02-04,Black,-1.849999964
Sheep,2022-02-04,White,-2.050000012
Sheep,2022-02-05,Black,-1.299999952
Sheep,2022-02-05,White,-1.400000006
Sheep,2022-02-06,Black,-1.100000024
Sheep,2022-02-06,White,-1.24999997
Sheep,2022-02-07,Black,-0.950000003
Sheep,2022-02-07,White,-1.150000006
Sheep,2022-02-08,Black,-1.25
Sheep,2022-02-08,White,-1.49999997
Sheep,2022-02-09,Black,-1.099999979
Sheep,2022-02-09,White,-1.25
Sheep,2022-02-10,Black,-0.900000006
Sheep,2022-02-10,White,-1.100000024
Sheep,2022-02-11,Black,-0.600000013
Sheep,2022-02-11,White,-0.750000015
Sheep,2022-02-12,Black,-0.79999999
Sheep,2022-02-12,White,-0.950000003
Sheep,2022-02-13,Black,-1.050000027
Sheep,2022-02-13,White,-1.25
Sheep,2022-02-14,Black,-1.049999982
Sheep,2022-02-14,White,-1.25
Sheep,2022-02-15,Black,-0.600000013
Sheep,2022-02-15,White,-0.650000006
Sheep,2022-02-16,Black,-0.600000013
Sheep,2022-02-16,White,-0.700000018
Sheep,2022-02-17,Black,-0.900000006
Sheep,2022-02-17,White,-0.950000018
Sheep,2022-02-18,Black,-0.749999978
Sheep,2022-02-18,White,-0.799999982
Sheep,2022-02-19,Black,-0.5
Sheep,2022-02-19,White,-0.54999999
Sheep,2022-02-20,Black,-0.650000025
Sheep,2022-02-20,White,-0.799999982
Sheep,2022-02-21,Black,-0.699999977
Sheep,2022-02-21,White,-0.799999982
Sheep,2022-02-22,Black,-2.550000101
Sheep,2022-02-22,White,-2
Sheep,2022-02-23,Black,-4.050000012
Sheep,2022-02-23,White,-3.050000012
Sheep,2022-02-24,Black,-3.350000024
Sheep,2022-02-24,White,-2.949999928
Sheep,2022-02-25,Black,-2.999999881
Sheep,2022-02-25,White,-2.850000024
Sheep,2022-02-26,Black,-2.199999988
Sheep,2022-02-26,White,NA
Sheep,2022-02-27,Black,-2.549999952
Sheep,2022-02-27,White,-2.449999988
Sheep,2022-02-28,Black,-2.149999946
Sheep,2022-02-28,White,-2.200000048
Sheep,2022-03-01,Black,-1.049999952
Sheep,2022-03-01,White,NA
Sheep,2022-03-02,Black,-0.050000004
Sheep,2022-03-02,White,-0.149999999
Sheep,2022-03-03,Black,0.150000006
Sheep,2022-03-03,White,0.100000001
Sheep,2022-03-04,Black,0.049999997
Sheep,2022-03-04,White,0.199999999
Sheep,2022-03-05,Black,-1.200000018
Sheep,2022-03-05,White,NA
Sheep,2022-03-06,Black,-1.750000022
Sheep,2022-03-06,White,NA
Sheep,2022-03-07,Black,-1.700000048
Sheep,2022-03-07,White,-1.400000025
Sheep,2022-03-08,Black,-3.200000096
Sheep,2022-03-08,White,NA
Sheep,2022-03-09,Black,-4.350000024
Sheep,2022-03-09,White,NA
Sheep,2022-03-10,Black,-4.399999976
Sheep,2022-03-10,White,NA
Sheep,2022-03-11,Black,-2.850000054
Sheep,2022-03-11,White,NA
Sheep,2022-03-12,Black,-1.449999999
Sheep,2022-03-12,White,NA
Sheep,2022-03-13,Black,-0.650000006
Sheep,2022-03-13,White,-0.300000012
Sheep,2022-03-14,Black,0
Sheep,2022-03-14,White,NA
Sheep,2022-03-15,Black,0.699999999
Sheep,2022-03-15,White,NA
Sheep,2022-03-16,Black,1.450000018
Sheep,2022-03-16,White,NA
Sheep,2022-03-17,Black,4.150000185
Sheep,2022-03-17,White,NA
Sheep,2022-03-18,Black,6.349999994
Sheep,2022-03-18,White,NA
Sheep,2022-03-19,Black,4.999999903
Sheep,2022-03-19,White,NA
Sheep,2022-03-20,Black,7.300000012
Sheep,2022-03-20,White,3.299999997
Sheep,2022-03-21,Black,9.599999607
Sheep,2022-03-21,White,NA
Sheep,2022-03-22,Black,11.75
Sheep,2022-03-22,White,NA
Sheep,2022-03-23,Black,13.10000019
Sheep,2022-03-23,White,8.550000191
Sheep,2022-03-24,Black,12.74999982
Sheep,2022-03-24,White,9.899999809
Sheep,2022-03-25,Black,13.1499998
Sheep,2022-03-25,White,9.699999999
Sheep,2022-03-26,Black,14.89999962
Sheep,2022-03-26,White,NA
Sheep,2022-03-27,Black,14.49999976
Sheep,2022-03-27,White,NA
Sheep,2022-03-28,Black,12.19999981
Sheep,2022-03-28,White,NA
Sheep,2022-03-29,Black,12.59999961
Sheep,2022-03-29,White,NA
Sheep,2022-03-30,Black,12.14999981
Sheep,2022-03-30,White,NA
Sheep,2022-03-31,Black,10.95000017
Sheep,2022-03-31,White,NA
Sheep,2022-04-01,Black,10.94999963
Sheep,2022-04-01,White,NA
Sheep,2022-04-02,Black,11.85000002
Sheep,2022-04-02,White,NA
Sheep,2022-04-03,Black,11.84999961
Sheep,2022-04-03,White,NA
Sheep,2022-04-04,Black,7.699999988
Sheep,2022-04-04,White,NA
Sheep,2022-04-05,Black,10.35000014
Sheep,2022-04-05,White,NA
Sheep,2022-04-06,Black,12.64999986
Sheep,2022-04-06,White,NA
Sheep,2022-04-07,Black,13.8500002
Sheep,2022-04-07,White,NA
Sheep,2022-04-08,Black,13.75000039
Sheep,2022-04-08,White,NA
Sheep,2022-04-09,Black,10.60000014
Sheep,2022-04-09,White,NA
Sheep,2022-04-10,Black,5.899999857
Sheep,2022-04-10,White,NA
Sheep,2022-04-11,Black,0.5
Sheep,2022-04-11,White,NA
Sheep,2022-04-12,Black,1.399999917
Sheep,2022-04-12,White,0.650000036
Sheep,2022-04-13,Black,5.000000238
Sheep,2022-04-13,White,NA
Sheep,2022-04-14,Black,8.400000185
Sheep,2022-04-14,White,NA
Sheep,2022-04-15,Black,8.25000038
Sheep,2022-04-15,White,NA
Sheep,2022-04-16,Black,10.5
Sheep,2022-04-16,White,NA
Sheep,2022-04-17,Black,11.55
Sheep,2022-04-17,White,NA
Sheep,2022-04-18,Black,11.94999981
Sheep,2022-04-18,White,NA
Sheep,2022-04-19,Black,11.44999962
Sheep,2022-04-19,White,NA
Sheep,2022-04-20,Black,11.65000018
Sheep,2022-04-20,White,NA
Sheep,2022-04-21,Black,8.649999857
Sheep,2022-04-21,White,NA
Sheep,2022-04-22,Black,8.000000238
Sheep,2022-04-22,White,6.300000191
Sheep,2022-04-23,Black,10.79999959
Sheep,2022-04-23,White,8.999999821
Sheep,2022-04-24,Black,13.40000001
Sheep,2022-04-24,White,11.20000017
Sheep,2022-04-25,Black,12.24999962
Sheep,2022-04-25,White,9.699999809
Sheep,2022-04-26,Black,10.40000021
Sheep,2022-04-26,White,9.300000012
Sheep,2022-04-27,Black,10.09999999
Sheep,2022-04-27,White,8.649999619
Sheep,2022-04-28,Black,8.950000167
Sheep,2022-04-28,White,8.100000083
Sheep,2022-04-29,Black,9.949999809
Sheep,2022-04-29,White,8.300000072
Sheep,2022-04-30,Black,12.14999981
Sheep,2022-04-30,White,9.700000405
Sheep,2022-05-01,Black,13.89999986
Sheep,2022-05-01,White,12.45000005
Sheep,2022-05-02,Black,10.60000014
Sheep,2022-05-02,White,9.199999999
Sheep,2022-05-03,Black,8.150000095
Sheep,2022-05-03,White,6.75
Sheep,2022-05-04,Black,16.80000043
Sheep,2022-05-04,White,14.65000021
Sheep,2022-05-05,Black,15.49999976
Sheep,2022-05-05,White,12.95000041
Sheep,2022-05-06,Black,15.50000048
Sheep,2022-05-06,White,13.54999959
Sheep,2022-05-07,Black,16.34999967
Sheep,2022-05-07,White,13.94999957
Sheep,2022-05-08,Black,11.89999962
Sheep,2022-05-08,White,10.15000039
Sheep,2022-05-09,Black,6.949999988
Sheep,2022-05-09,White,5.600000024
Sheep,2022-05-10,Black,11.5
Sheep,2022-05-10,White,9.750000238
Sheep,2022-05-11,Black,14.1000002
Sheep,2022-05-11,White,13.34999961
Sheep,2022-05-12,Black,15.54999971
Sheep,2022-05-12,White,13.20000017
Sheep,2022-05-13,Black,16.85000002
Sheep,2022-05-13,White,13.89999962
Sheep,2022-05-14,Black,18.80000019
Sheep,2022-05-14,White,17.5
Sheep,2022-05-15,Black,19.6500001
Sheep,2022-05-15,White,17.44999921
Sheep,2022-05-16,Black,23.05000019
Sheep,2022-05-16,White,21.74999952
Sheep,2022-05-17,Black,21.94999933
Sheep,2022-05-17,White,20.10000086
Sheep,2022-05-18,Black,21.04999995
Sheep,2022-05-18,White,18.0999999
Sheep,2022-05-19,Black,17.79999971
Sheep,2022-05-19,White,13.20000005
Sheep,2022-05-20,Black,15.09999967
Sheep,2022-05-20,White,12.24999964
Sheep,2022-05-21,Black,17.39999962
Sheep,2022-05-21,White,14.94999999
Sheep,2022-05-22,Black,12.94999981
Sheep,2022-05-22,White,10.84999982
Sheep,2022-05-23,Black,17.25000077
Sheep,2022-05-23,White,14.05000043
Sheep,2022-05-24,Black,18.74999964
Sheep,2022-05-24,White,16.39999962
Sheep,2022-05-25,Black,22.09999967
Sheep,2022-05-25,White,19.79999995
Sheep,2022-05-26,Black,23.54999971
Sheep,2022-05-26,White,NA
Sheep,2022-05-27,Black,23.90000057
Sheep,2022-05-27,White,22.35000038
Sheep,2022-05-28,Black,19.69999981
Sheep,2022-05-28,White,18.60000038
Sheep,2022-05-29,Black,12.99999952
Sheep,2022-05-29,White,11.30000019
Sheep,2022-05-30,Black,12.9000001
Sheep,2022-05-30,White,11.70000005
Sheep,2022-05-31,Black,19.05000019
Sheep,2022-05-31,White,NA
Sheep,2022-06-01,Black,21.14999914
Sheep,2022-06-01,White,NA
Sheep,2022-06-02,Black,24.1500001
Sheep,2022-06-02,White,21.69999933
Sheep,2022-06-03,Black,24.19999981
Sheep,2022-06-03,White,NA
Sheep,2022-06-04,Black,18.44999981
Sheep,2022-06-04,White,NA
Sheep,2022-06-05,Black,13.19999957
Sheep,2022-06-05,White,NA
Sheep,2022-06-06,Black,18.54999924
Sheep,2022-06-06,White,16.85000014
Sheep,2022-06-07,Black,22.84999967
Sheep,2022-06-07,White,19.39999914
Sheep,2022-06-08,Black,17.29999971
Sheep,2022-06-08,White,15.04999995
Sheep,2022-06-09,Black,25.94999981
Sheep,2022-06-09,White,NA
Sheep,2022-06-10,Black,26.9000001
Sheep,2022-06-10,White,NA
Sheep,2022-06-11,Black,26.80000019
Sheep,2022-06-11,White,NA
Sheep,2022-06-12,Black,14.70000029
Sheep,2022-06-12,White,NA
Sheep,2022-06-13,Black,19.15000057
Sheep,2022-06-13,White,NA
Sheep,2022-06-14,Black,18.49999928
Sheep,2022-06-14,White,14.14999986
Sheep,2022-06-15,Black,21.40000033
Sheep,2022-06-15,White,NA
Sheep,2022-06-16,Black,26.35000086
Sheep,2022-06-16,White,NA
Sheep,2022-06-17,Black,26.85000038
Sheep,2022-06-17,White,NA
Sheep,2022-06-18,Black,29.24999952
Sheep,2022-06-18,White,NA
Sheep,2022-06-19,Black,29.05000019
Sheep,2022-06-19,White,NA
Sheep,2022-06-20,Black,18.6500001
Sheep,2022-06-20,White,NA
Sheep,2022-06-21,Black,25.09999919
Sheep,2022-06-21,White,NA
Sheep,2022-06-22,Black,28.79999924
Sheep,2022-06-22,White,NA
Sheep,2022-06-23,Black,29.99999905
Sheep,2022-06-23,White,NA
Sheep,2022-06-24,Black,30.65000057
Sheep,2022-06-24,White,NA
Sheep,2022-06-25,Black,27.85000038
Sheep,2022-06-25,White,NA
Sheep,2022-06-26,Black,31.44999981
Sheep,2022-06-26,White,NA
Sheep,2022-06-27,Black,33.19999981
Sheep,2022-06-27,White,NA
Sheep,2022-06-28,Black,31.95000029
Sheep,2022-06-28,White,NA
